"","news_ctg","news_info","news_title","new_summary"
"1","경남도민신문",2020-07-27,"김해시 ‘김해형 뉴딜’ 신사업 발굴 나서","김해시가 정부의 신사업 발굴정책에 따라 김해형 뉴딜 정책에 발맞춰 나서겠다는 의지를 밝혀 주목되고 있다.김해형 뉴딜 신사업 발굴을 위해 부시장을 단장으로 기획조정실장이 총괄업무를 맡고 전부서 역량을 결집한 뒤 각 부처와 경남도 뉴딜계획과 연계한 새로운 사업을 발굴해 나간다는 취지다.27일 시가 밝힌 한국판 뉴딜 종합계획은 오는 2025년까지 디지털뉴딜, 그린뉴딜, 안전망 강화 3대 분야에 무려 160조원을 투자 일자리 190만개를 창출하겠다는 정부정책 사업이다.이를 위해 올해 즉시 추진이 가능한 사업으로 정부는 3차 추경에 6조30"
"2","경남도민신문",2020-07-27,"영남 5개 단체장 “수도권 집중 안된다”","김경수 경남도지사를 비롯한 영남 5개 시도지사가 27일 부산에 모여 수도권 집중 해법과 코로나 이후 시대를 대비한 영남권 공동 협력방안을 모색했다.이날 오후 부산 롯데호텔에서 국민일보 주최로 열린 ‘2020 영남미래포럼’에는 김경수 경남도지사와 변성완 부산시장 권한대행, 권영진 대구시장, 송철호 울산시장, 이철우 경북도지사 등이 참석했다.영남 5개 단체장이 모두 모이는 행사는 2015년 영남권 시도지사협의회 이후 처음이다.‘영남의 미래가 대한민국의 미래다’라는 주제로 열린 이번 포럼은 포스트 코로나 시대를 맞는 영남의 미래를 논의하"
"3","경남도민신문",2020-07-27,"국민 아이디어, 실현가능한 사업으로 만든다","LH(사장 변창흠)는 경남도와 함께 ‘경남도 그린뉴딜 아이디어톤 대회’를 개최한다고 27일 밝혔다.‘아이디어톤(Ideathon)’은 아이디어와 마라톤의 합성어로, 집중 토론을 통해 아이디어를 구체화해 결과물을 만들어내는 경연방식이다. 이번 대회에서 참가자가 창의적인 그린뉴딜 아이디어를 제안하면, 무박 2일(30시간) 동안 전문가 멘토들과 함께 실현가능한 사업계획으로 발전시켜 나가게 된다.LH는 이번 대회를 위해 그린리모델링, 제로에너지, 도시재생 등 관련 분야 멘토들을 지원하고, 폐조선소에서 창업공간으로 탈바꿈한 ‘통영리스타트플랫폼"
"4","경남도민신문",2020-07-26,"조영진 창원제1부시장, 기계산업의 디지털 혁신 한국국제기계박람회 방문","창원시 조영진 제1부시장은 24일 창원컨벤션센터(CECO)에서 열리고 있는 ‘제13회 2020 한국국제기계박람회(KIMEX 2020)’ 행사장을 찾았다.이번 행사는 기계와 DNA(데이터·네트워크·AI) 생태계 융합을 통해 기계산업 분야의 새로운 청사진을 제시하고 있다.한국기계산업진흥회(회장 손동연)가 주관하고 경상남도와 창원시가 주최하는 KI"
"5","경남도민신문",2020-07-26,"김경수 경남도지사 “균형발전 돼야 성공한 뉴딜”","경남도는 지난 24일 도청 중회의실에서 이유진 녹색전환연구소 연구원을 초청해 제2회 북모닝 특강을 열었다.이번 북모닝 특강은 ‘그린뉴딜과 지역전환’이라는 제목으로 ‘그린뉴딜 정책과제와 지자체 추진전략’에 관한 80분간의 강연 후, 질의답변과 김경수 경남도지사의 마무리말 순으로 진행됐다.정규식 경남도 도시재생위원회 부위원장과 백운길 경남지속가능발전협의회 상임회장, 이찬원 경남기후환경네트워크 상임대표 등 관련 단체 관계자도 함께 참여해 강연에 의미를 더했다.또한 강연의 효과를 높이기 위해 주제 관련 도서를 사전에 추천하고 현장 강연 내"
"6","경남도민신문",2020-07-26,"‘낙동강생태환경관광벨트, 종합적인 구상 필요","창원시정연구원(원장 전수식)은 지난 22일 ‘낙동강생태환경관광벨트 구상’을 주제로 창원시와 ‘제9회 등대워크숍’을 개최했다.이번 등대워크숍에서는 주남저수지(창원)-화포천(김해)-우포늪(창녕)의 우수한 생태환경 자원을 연결하여 지역 간 상생효과를 증대시킬 수 있는 ‘낙동강생태환경관광벨트 구상’에 대해 논의했다.발제를 맡은 정재형 박사는 “경남 지역의 대표적 생태환경자원인 주남저수지(창원)-화포천(김해)-우포늪(창녕)을 연계한 생태관광 효과를 극대화할 수 있는 특화형 핵심사업 발굴하는 등 낙동강생태환경관광벨트에 대한 종합적인 구상이 필"
"7","경남도민신문",2020-07-26,"창원 민주당 시장-통합당 5명 국회의원 힘 모은다","창원시장과 창원시 지역구 국회의원 5명이 21대 국회 개원 후 처음으로 한자리에 모였다.창원시는 24일 서울 여의도 켄싱턴 호텔에서 지역 국회의원 초청 정책간담회를 개최했다.허성무 창원시장이 박완수(창원 의창), 강기윤(창원 성산), 윤한홍(창원 마산회원), 최형두(창원 마산합포), 이달곤(창원 진해) 의원과 21대 국회 개원 후 처음 만났다.허성무 창원시장은 더불어민주당, 창원 지역구 의원 5명은 모두 미래통합당 소속이다.4월 총선 후 두차례 창원시-국회의원 정책간담회 일정이 잡혔다.그러나 그때마다 최종 일정 조율이 힘들어 간담회"
"8","경남도민신문",2020-07-23,"경남도 ‘살고 싶은 섬 가꾸기’ 공모 경쟁 치열","경남도가 제안한 ‘살고 싶은 섬’ 가꾸기 사업의 대상지 공모에 도내 77개의 유인 섬 중 23개 섬이 신청했다. 21일, 총 2주간에 걸친 대상지 공모 신청 접수를 마감한 결과, 사업대상지 2개 섬을 뽑는데 12:1의 높은 경쟁률을 보인 셈이다.섬이 있는 7개 시군에서 골고루 신청했으며, 창원시 송도, 통영시 두미도, 좌도, 사천시 마도·신도, 거제시 내도, 고성군 와도, 남해군 호도, 조도, 하동군 대도를 포함 23개 섬이 참여했다. 특히 섬이 많은 통영의 경우, 욕지도, 용초도를 비롯한 15개의 섬이 공모에 응해 뜨거운 관심을"
"9","경남도민신문",2020-07-23,"‘창원형 뉴딜 프로젝트’ 본격 착수 속도낸다","추진단 구성…기존사업 고도화·신규사업 발굴 발빠른 움직임‘실리 최우선 전략’ 최다 사업, 최대 규모 국비 확보 총력창원시는 ‘한국판 뉴딜’을 선도하고, 창원 대혁신·대도약을 조기 실현할 ‘창원형 뉴딜 프로젝트’에 본격 돌입했다고 22일 밝혔다.시는 ‘창원형 뉴딜’을 경기회복과 포스트 코로나 시대를 개척할 신성장동력으로 삼고, 한국판"
"10","경남도민신문",2020-07-23,"경남도, “공동체협력지원가 파견해드려요”","경남도가 하반기 추경을 통해 올해 경남 공동체협력지원가 운영 예산으로 도비 1억7000여만원을 확보했다.공동체협력지원가 운영은 경남의 도민정책참여 플랫폼 ‘경남1번가’를 통해 도민제안을 정책화한 주요 사례로서 그 과정에서 도민들에게 소통과 협치의 새로운 경험을 선사한 것으로 주목을 받았다.정책화 과정은 ▲지난 5월 ‘온라인 경남1번가’에 도민 황00씨가 올린 제안이 도민 126명의 공감을 받은 데 이어 ▲찬반토론에서 315명이 참여해, 311명의 찬성을 얻은 것이 시발점이 됐다. ▲이어서 지난 6월, 경남도 사회혁신추진단에서는 ‘찾"
"11","경남도민신문",2020-07-23,"경남도, 내년도 어촌뉴딜300사업 공모 준비 박차","경남도는 해양수산부가 주관하는 2021년 어촌뉴딜300사업에 선정되기 위해, 7개 연안 시·군(창원, 통영, 사천, 거제, 고성, 남해, 하동)이 창원시 실리도항 등 52개 지구를 준비 중이라고 밝혔다.경남도는 어촌뉴딜300사업의 성공모델 창출과 공모선정 전국 최상위권 달성을 위해 지난 14일 시군, 한국농어촌공사, 한국어촌어항공단 관계자 등이 참석한 가운데 사업 공모 가이드라인과 사업시행지침 등을 설명한 데 이어, 오는 27일부터는 도 현장자문단이 시군을 직접 찾아간다.채동렬 경남발전연구위원 등 5명으로 구성된 ‘도 현장자문단’은"
"12","경남도민신문",2020-07-23,"2020 e스포츠 경남대표 선발전 온라인 진행","경남도가 주최하고 경남문화예술진흥원과 경남e스포츠협회가 주관하는 ‘제12회 대통령배 전국 아마추어 e스포츠대회 경남대표 선발전’(이하 KeG 경남대표선발전)이 사상 최초로 전 경기를 온라인으로 진행된다. 오는 25일 열리는 KeG 경남대표 선발전은 전체 경기를 온라인으로 진행하고 결승전은 진흥원 유튜브와 페이스북으로 생중계된다. 이번 대회는"
"13","경남도민신문",2020-07-22,"포스트 코로나 워킹그룹, 위기 극복 대안 제시","경남도는 23일, 김경수 도지사와 워킹그룹 위원들이 참석한 가운데 포스트 코로나 워킹그룹 전체 회의를 개최한다.경남도는 지난 4월, 코로나19 이후 닥쳐올 경제 정치 사회 문화적 대변화에 선제적으로 대응하기 위하여 워킹그룹을 구성하고, 분과별 활발한 논의를 통해 포스트 코로나 시대 대응방향을 모색해 왔다.워킹그룹은 총괄 분야, 사회변화 분야, 국가 행정 분야, 경제 산업 분야 등 4개 분과로 구성 운영됐으며, 대학교수, 기업체 대표 등 다양한 분야의 전문가들이 참여했다.지금까지 두 차례의 전체회의와 17회의 분과별 온라인회의를 진행"
"14","경남도민신문",2020-07-22,"창원시 ‘한국국제기계박람회 참가 투자유치 전략마케팅’ 추진","창원시는 21일부터 24일까지 4일간 창원 컨벤션센터에서 개최되는 ‘2020 한국국제기계박람회’에 참가해, 국내외 스마트 기계·부품, 오토메이션 기업을 타깃으로 투자유치 전략 마케팅을 펼친다고 22일 밝혔다.‘2020 한국국제기계박람회’는 창원시와 경남도가 공동 주최하며, 115개 업체(314 부스)가 참가해 오토메이션 & 스마트 공장, 스마트 공작"
"15","경남도민신문",2020-07-22,"서울세종본부, 시군과 통합사무실 운영으로 현안사항 공동 대응","경상남도 서울세종본부(본부장 박재훈)가 도정 주요 핵심과제 추진을 위한 전진기지로 거듭나기 위해 2020년 7월부터 시군과 세종사무소 통합사무실을 운영한다.서울세종본부는 올해 초부터 시&군에 수요조사를 통해 참여의사를 보인 6개 시군과 통합사무실을 운영하기로 했다. 7월 현재, 기존 경남도 소속 공무원 3명과 진주시 김해시 하동군 거창군 4명의 공무원이 파견 근무하고 있으며, 하반기 중 거제시 양산시가 추가로 합류할 예정이다.도와 시군이 통합사무실을 운영하게 되면, 시군이 개별사무실을 운영하면서 발생하는 운영비 등의 예산절감 효과는"
"16","경남도민신문",2020-07-22,"경남대 LINC+사업단, 경남리빙랩네트워크 발족","경남대학교 LINC+사업단(단장 박은주)은 22일 오후 2시 창원컨벤션센터(CECO) 컨벤션홀에서 ‘경남리빙랩네트워크 발족식’을 공동 개최했다.이번 행사는 실질적 지역사회 문제해결을 통한 도민 행복을 실현하기 위해 ‘경남리빙랩네트워크발족준비위원회’와 ‘지역문제해결플랫폼 경남’이 주관하고, 경남대, 경남과학기술대, 경상대, 인제대, 창원대, 경상남도가"
"17","경남도민신문",2020-07-21,"세미나허브, 수소경제 활성화·그린뉴딜 세미나 개최","정부가 14일 디지털 뉴딜과 그린 뉴딜을 중심으로 한 한국판 뉴딜 종합 계획을 발표하면서 그린 뉴딜 중의 하나인 수소경제의 중요성이 부각됐다. 또한 7월 1일에는 수소 산업 생태계 경쟁력을 강화하기 위해 수소경제위원회가 출범했다.이에 그린 뉴딜 정책 핵심 분야인 수소경제를 조기 이행하고 성공적으로 확산시키기 위해서 수소 관련 산학연 전문가들이 한데"
"18","경남도민신문",2020-07-21,"대우조선해양, 로테르담항과 스마트 기술 협력 나선다","대우조선해양이 네덜란드 로테르담항과 손잡고 미래 먹거리인 스마트기술 확보를 위해 협력에 나선다.대우조선해양(대표이사 이성근)은 세계 최고 디지털 항만으로 평가 받고 있는 네덜란드 로테르담항과 향후 3년간 스마트선박-항만, 자율운항선박-항만 연구를 진행하기로 했으며, 연구기간동안 독점적, 전략적 파트너 관계를 유지하기로 합의했다고 21일 밝혔다."
"19","경남도민신문",2020-07-21,"조근제 함안군수 “뉴딜정책 맞춘 사업발굴해야”","조근제 함안군수는 지난 20일 군청 별관 3층 회의실에서 7월 현안 점검회의를 통해 “정부의‘한국형 뉴딜정책’에 맞춰 지역에 접목 가능한 사업발굴에 적극 나서야한다”고 강조했다.조 군수는 포스트 코로나 시대에 대응, 2025년까지 160조 원을 투자해 190만개의 새로운 일자리를 창출하는 것을 골자로 한 정부의 ‘한국형 뉴딜정책’ 발표를 언급하며 이"
"20","경남도민신문",2020-07-21,"창원시 본격적으로 정부 신재생에너지 정책을 견인한다","창원에서 국산 가스터빈·풍력 너셀·수소 액화플랜트 개발 ·실증 추진신재생에너지 정책 전초기지…2028년까지 2조7800억원 상당 경제적 효과창원시는 정부의 ‘표준 가스터빈 개발’, ‘해상풍력 발전방안’, ‘수소경제로드맵’ 등 신재생에너지 기반의 신규 산업별 핵심사업인 ‘국산 가스터빈 개발’, ‘풍력 너셀 테스트베드 구축’, ‘수소액화 플랜"
"21","경남도민신문",2020-07-21,"김경수 경남지사 “균형발전, 지방분권과 같이 가야 성공”","경남도가 박병석 국회의장을 만나 “균형발전과 지방분권은 반드시 같이 가야 성공 가능하다”고 말했다.김 지사는 21일 오전 국회의장실을 찾아 박 의장을 예방하고 “20대 국회에서 처리되지 않았던 지방자치법 개정안, 지방분권안은 의장님께서 역점사업으로 반드시 이번 국회에서 통과주시길 부탁 드린다”며 이같이 밝혔다.박 의장의 취임 축하인사를 전한 김 지사는 “시도 단위로는 비수도권이 수도권과 경쟁하기 정말 어렵다”며 “초광역 단위 균형발전, 초광역경제권으로 수도권이 전국에 두, 세 개 만들어져야 수도권 (집중)문제도 해결될 것”이라고 전"
"22","경남도민신문",2020-07-21,"경남 도정자문위원회, 경남지식연대 공동 포럼 개최","경상남도 도정자문위원회와 경남지식연대가 21일 오후 도청 대회의실에서 ‘코로나19가 일깨운 기후위기, 경남형 그린 뉴딜은?’이란 주제로 공동포럼을 열었다.이번 포럼에는 하병필 행정부지사를 비롯한 이은진 도정자문위원장, 최상한 경남지식연대 공동대표 등 포럼 관계자, 외부전문가 및 담당공무원 등 70여명이 참석했다.포럼은 현재 전 세계적으로 충격을 주고 있는 코로나19와 이후 더 광범위하고 심각한 타격을 줄 것으로 예상되는 기후위기 등 경남도의 준비·대응사항에 대한 내용으로 진행됐다.하병필 행정부지사는 축사를 통해 도민들의 참여 속에서"
"23","경남도민신문",2020-07-21,"경남도, 명품 어촌뉴딜 조성 위해 해수부와 합동 2차 현장자문","경남도가 ‘2020년 어촌뉴딜사업 대상지별 기본계획’을 수립하기 위해 지난 20일부터 오는 8월 12일(23일간)까지 해양수산부와 함께 현장을 방문해 전문분야별 2차 자문을 실시한다.이번 현장자문에서는, 지난 5월 7일부터 22일까지 진행했던 1차 자문 시에 해수부 총괄조정가와 전문가가 분석하고 제시했던 지역 여건 등에 대한 콘텐츠를 구체화하는 방안을 지역 주민협의체와 협의하고 검토할 예정이다.해양수산부 현장자문단은 대상지역별로 총괄조정가 4명과 ‘수산어촌, 도시·항만, 문화·관광·레저’등의 각 분야 자문위원 4명 등 총 8명으로"
"24","경남도민신문",2020-07-21,"하동군 ‘ALPS 하동 뉴딜’ 과제 발굴 추진","하동군은 정부의 ‘한국판 뉴딜 종합계획’과 관련해 36건의 ‘ALPS(All Living and People Satisfy) 하동 뉴딜’ 사업 과제를 발굴·추진키로 했다.한국판 뉴딜은 코로나19로 인한 극심한 경기침체 극복과 구조적 대전환 대응이라는 2가지 과제를 동시에 해결하기 위한 국가 프로젝트로, 2025년까지 디지털 뉴딜, 그린 뉴딜, 안전망"
"25","경남도민신문",2020-07-20,"허성곤 김해시장 “미래 100년 성장동력 기반 마련 최선 다할 것”","김해시는 지난 2018년 ‘깨끗한 시정, 하나된 김해’라는 시정지표 아래 허성곤 시장의 재선과 동시에 ‘가야건국 2천년, 세계도시 김해’를 만들기 위해 쉼 없이 달려왔다.민선7기 김해호는 오직 시민의 안녕과 김해의 미래만을 생각하며 달려오면서 돋보이는 성과들을 쏟아내고 있다. 민선 7기 전반기 2년간 의생명·의료기기 강소연구개발특구 지정 등을 비롯해 5만7000여개의 일자리를 창출했으며 경제도시 기반 마련, 가야 역사 재조명 등 주요 성과로 꼽는다.특히, 허 시장은 최근 한국매니페스토실천본부서 발표한 전국 기초단체장 공약이행 평가에"
"26","경남도민신문",2020-07-20,"지속 가능한 ‘경남형 어촌뉴딜사업’ 본격 추진","경남도는 찾아 가고 싶고, 다시 찾고 싶은 어촌 조성을 위해 지속 가능한 ‘경남형 어촌뉴딜사업’을 본격 추진하고자 협업부서 간 플랫폼을 구성했다고 밝혔다.‘경남형 어촌뉴딜사업 본격 추진을 위한 플랫폼’에는 △공동체 협력 지원가를 양성하는 사회혁신추진단, △마을기업 멘토-멘티 멘토링 사업을 추진하는 사회적경제추진단, △청년정책을 추진하는 청년정책추진단 등이 참여한다.도는 경남형 어촌뉴딜사업 본격 추진을 위해 경남형 어촌뉴딜사업 기반 조성과 경남형 어촌뉴딜사업 공간의 지속적인 확보를 위한 공모 준비라는 2가지 목표를 설정하고, 세분화하"
"27","경남도민신문",2020-07-20,"거제시 공모사업 대응 직원역량강화 워크숍 개최","거제시는 지난 16일~17일 직원 50여명을 대상으로 중앙부처 공모사업 대응을 위한 역량강화 워크숍을 개최했다.이번 워크숍은 전문강사를 초빙해 직원들의 공모사업 이해도를 높이고, 실행기법 교육으로 실무능력을 향상시키는데 중점을 뒀다.특히 최근 발표된 한국판 뉴딜 정책과 코로나19 이후의 정부 정책방향을 파악하고 그 대응 방안을 모색하는 등 각"
"28","경남도민신문",2020-07-19,"디지털 뉴딜 위한 새로운 장 ‘2020 한국국제기계박람회’ 개최","위축된 지역산업경제와 코로나19로 어려움에 처해있는 경남 기계산업의 위기를 극복하고 포스트코로나 시대를 맞이할 수 있는 경쟁력을 기르기 위해 7월 21일~24일까지 창원 CECO에서 ‘2020 한국국제기계박람회’가 개최된다.‘한국국제기계박람회’는 당초 10월에 열렸던 개최주기를 올해 5월로 변경했으나, 코로나19 여파로 연기돼 7월 21일에 개최하게"
"29","경남도민신문",2020-07-16,"조규일 진주시장 공약사업 34개 56% 완료","진주시는 지난 13일, 14일, 16일 오후 사흘간 시청 소회의실에서 조규일 진주시장 주재로 국·소장 및 각 부서장이 참석한 가운데 민선7기 하반기 첫 공약 및 현안사업 점검 보고회를 개최했다.이번 보고회는 민선7기 상반기 주요 성과를 공유하고 특수시책을 비롯한 주요 현안의 추진상황 점검과 문제점 사업의 대책 마련, 공약 추진 상황을 종합적으로 검토해 민선7기 하반기 시정성과를 향상시키기 위해 마련됐다.진주시는 민선7기 출범 이후 지난 2년 동안 발로 뛰는 행정으로 국·도비 8381억원을 확보하였고, 생활SOC 사업 등 다양한 공모"
"30","경남도민신문",2020-07-16,"경남도 ‘지자체-대학 협력기반 지역혁신 사업’ 선정","경남도가 교육부 공모 ‘지자체-대학 협력기반 지역혁신 사업’에 최종 선정되어 국비 300억원을 지원받게 됐다.김경수 경남도지사는 16일 오전 브리핑을 통해 “‘지자체-대학 협력기반 지역혁신 사업’은 제가 그동안 ‘지역혁신 플랫폼’으로 표현했던 지방정부와 지역대학, 연구기관, 기업 등 4자가 협력해 지역 인재를 양성하는 사업이다”고 소개했다.이어 “지난달 말 통계청은 올해 수도권 인구가 사상 처음으로 비수도권 인구를 초월할 것이라고 발표했다. 돈과 사람이 서울로, 수도권으로 몰리는 수도권 일극체제는 단순히 지방의 어려움을 넘어 지속가"
"31","경남도민신문",2020-07-16,"함양군 청렴도 상위권 도약 위한 청렴뉴딜 추진","함양군이 16일 청렴도 향상 대책회의를 개최하고 2020년 공공기관 청렴도평가 상위권 도약을 위한 ‘청렴뉴딜정책’을 추진한다고 밝혔다. 청렴뉴딜정책은 청렴도 향상을 위한 강력한 ‘신상필벌’기준 확립, ‘부패행위자 강력처벌’을 핵심으로 하는 반부패정책이다. 정책내용에 따르면 금품·향응 수수 등 부패행위를 한 직원은 직위해제 등 즉각 업무에서 배"
"32","경남도민신문",2020-07-15,"경남도-공공기관 ‘혁신성장·상생발전’ 힘 모은다","경남도는 15일 한국토지주택공사 본사 이사회실에서 11개 경남혁신도시 이전공공기관장과 간담회를 가졌다.간담회는 김 지사가 직접 제안해 마련됐다. 경남도와 이전공공기관 간 상호 협력체계를 구축하고, 이를 바탕으로 경남혁신도시를 지역 발전의 거점으로 만들어갈 실질적이고 효과적인 방안을 찾기 위해서다.이날 자리에는 ▲변창흠 한국토지주택공사 사장 ▲유향열 한국남동발전 사장, ▲김학도 중소벤처기업진흥공단 이사장 ▲강부순 한국시설안전공단 부이사장 ▲김영기 한국승강기안전공단 이사장 ▲유광수 한국세라믹기술원 원장 ▲정동희 한국산업기술시험원 원장"
"33","경남도민신문",2020-07-15,"경남도, “그린뉴딜 아이디어를 찾습니다”","경남도는 15일부터 경남형 그린뉴딜 사업을 발굴하기 위해 국민의 창의적인 아이디어를 공개 모집한다.공모 주제는 지속가능한 녹색 회복과 양질의 일자리 만들기를 위한 그린뉴딜 관련 사업 아이디어다. 기후위기와 환경문제 대응을 위한 새로운 일자리와 사회적 투자가 필요한 영역, 환경 제품·서비스 개발, 에너지 전환, 그린 리모델링 등 그린뉴딜 관련 전 분야의 아이디어를 대상으로 한다.19세 이상 대한민국 국민이면 누구나 참가 가능하다. 개인이나 3명 이내의 팀을 구성해 참가할 수 있으며, 24일까지 온라인으로 신청하면 된다.제출된 아이디어"
"34","경남도민신문",2020-07-15,"구인모 거창군수 “거창군 새로운 군정 운영 비전으로 미래 열 것”","7월 ‘더 큰 거창도약, 군민 행복시대’를 슬로건으로 출범한 거창군 민선7기가 3년 차를 맞았다. 구인모 거창군수는 “민선 7기 2년동안 거창구치소 갈등 해소, 국내최초 Y자형 출렁다리 준공, 세계 승강기 허브도시로의 발판 마련 등의 성과를 이뤘다”며 “앞으로 후반기 군정은 거창형 뉴딜사업과 함께 6대 비전 실현을 통해 거창의 새로운 도약을 앞당기는데 전력을 다하겠다”고 밝혔다. 이에 코로나19 위기 속에서 임기 반환점을 맞이한 거창군 민선 7기의 전반기 성과를 점검하고 후반기 비전을 들어봤다.다음은 구인모 거창군수와의 일문일답.-"
"35","경남도민신문",2020-07-15,"사설-경남도 3차추경 경남경제 활력 주기를","경남도가 세번째 코로나 추경을 편성했다. 앞서 두차례 편성됐던 추경예산이 코로나 긴급 대응 예산이었다면 이번 제3차 추경예산은 경제위기를 조기에 극복해 민생을 안정시키고 도민의 안전을 강화하는데 주안점을 두면서 경남형 뉴딜사업에 대한 재정투자를 본격화해 포스트 코로나 시대 새로운 성장 발판을 마련코자 하는 예산이다. 경남도의 이번 추경은 1850억원 규모로"
"36","경남도민신문",2020-07-14,"거제시 도시재생사업 홍보 마을기자단 위촉","거제시는 지난 10일 시청 2층 평화실에서 도시재생 뉴딜사업을 널리 홍보할 도시재생신문 마을기자단 위촉식을 가졌다.이날 새로 위촉된 마을기자 5명은 ▲뉴딜사업지구(장승포, 옥포, 고현), 새뜰마을지구(능포 옥명), 소규모재생지구(마전 삼밭마을, 능포 능개마을)를 비롯해 각 마을에서 일어나는 도시재생의 재미있는 소식이나 현장의 생생한 정보 ▲마을의 자"
"37","경남도민신문",2020-07-14,"창원시 국비 확보 위해 발품 행정 펼쳐","내년도 정부예산안 확정을 위한 기획재정부 예산 심의가 본격적으로 이루어 있는 상황에서 1조5000억원의 국비 확보 목표를 밝힌 창원시가 정부와의 스킨십 강화를 위한 발품 행정을 적극 펼치고 있어 귀추가 주목된다.조영진 제1부시장은 13일 정부예산 확보를 위해 기획재정부를 직접 방문했다.이날 조 부시장은 기재부 제2차관, 예산실장, 예산총괄심의관, 사회예산심의관, 산업중소벤처기업예산과장을 차례로 만나 창원시 주요 현안사업의 국비 반영 필요성과 당위성을 설명하고 예산지원을 요청했다.이날 건의한 내년도 주요사업은 ▲공정혁신 시뮬레이션 구"
"38","경남도민신문",2020-07-14,"文 ""한국판 뉴딜은 대한민국 대전환 선언""","문재인 대통령은 14일 “한국판 뉴딜은 선도국가로 도약하는 대한민국 대전환 선언”이라고 밝혔다.문 대통령은 이날 청와대에서 국민보고대회를 열어 한국판 뉴딜의 구상과 계획을 발표했다.문 대통령이 신종 코로나바이러스 감염증(코로나19) 국난 극복을 위해 지난 4월 22일 5차 비상경제회의에서 한국판 뉴딜 구상을 밝힌 지 83일 만으로, 대전환을 위한 국가발전 전략을 담았다.문 대통령은 한국판 뉴딜에 대해 “추격형 경제에서 선도형 경제로, 탄소 의존 경제에서 저탄소 경제로, 불평등 사회에서 포용 사회로 대한민국을 근본적으로 바꾸겠다는 정"
"39","경남도민신문",2020-07-14,"경남도 경제위기 극복 1850억 추경…총 11조 돌파","경남도는 1850억원 규모의 제3회 추가경정예산안을 편성했다. 이로써 올해 경남도의 예산 총규모는 11조569억원이 됐다.재원은 국비 1269억원과 지방교부세 435억원 등을 주요 세입으로 편성해 조달하고, 부족한 재원은 지역개발기금에서 130억원을 차입해 충당한다.경남도는 특히 이번 추경안에서 경제위기를 조기에 극복해 민생을 안정시키고 도민의 안전을 강화하는 데 주력했다고 밝혔다.또한 경남형 뉴딜사업에 대한 재정투자를 본격화해 포스트 코로나 시대 새로운 성장 발판을 마련코자 했다.경남도의 2020년 제3회 추경예산안의 주요 세부내"
"40","경남도민신문",2020-07-14,"강석주 통영시장 “도약과 성과 창출로 지역경제 활성화에 온 힘”","강석주 통영시장은 지난 9일 오전 11시 통영시청 회의실에서 민선 7기 2주년에 즈음해 언론인과의 간담회를 개최했다.‘따뜻한 시정, 행복한 시민, 다시 뛰는 통영!’의 슬로건에서 엿볼 수 있듯 ‘시민 행복’을 통영시정의 최고 가치로 새기고 이를 실현하기 위한 강석주 시장의 지난 2년간의 행보는, 국·도비 등 예산 확보, 공모사업 선정, 소통과 현장행정 강화, 청렴문화 정착 및 확산, 지역경제 활성화를 위한 전력투구 등 크게 5가지로 요약할 수 있다.다음은 강석주 통영시장과의 일문일답.-취임 2주년을 맞았다. 지난 2년간 성과를 말한"
"41","경남도민신문",2020-07-13,"“경남 발전 여야 없어, 함께 힘 모으자”","김경수 경남도지사가 미래통합당 경남지역 국회의원들을 만나 “수도권 집중에 맞설 수 있는 균형발전 전략이 필요하다”고 강조했다.김 지사는 13일 오후 국회 인근 식당에서 진행된 오찬간담회에서 “지난 2년간 경험해보니 수도권 집중, 수도권 블랙홀을 개별 시도 단위로 견뎌내기가 쉽지 않다”며 이같이 말했다.이어 “여야와 지자체를 떠나 권역별 균형발전사업을 발굴해 정부에 적극적으로 요청할 계획”이라며 통합당 의원들의 협조를 당부했다.김 지사는 남부내륙고속철도(서부경남KTX) 건설, 제조업혁신 스마트산단 선도프로젝트, 부산항제2신항 진해 유"
"42","경남도민신문",2020-07-12,"창원시, 마산합포구 신마산지역 도시 대개조한다","국토부-LH 주거환경개선사업 대상지역 공모 선정도시재생 뉴딜사업·도시정비 재개발사업 추진창원시는 마산합포구 문화지구 도시재생 뉴딜사업지역 내 월영동 부지(5만7144㎡)가 국토교통부와 한국토지주택공사(LH)의 주거환경개선사업 대상지역 공모에 선정됐다고 9일 밝혔다.주거환경개선사업은 도시 내 노후 불량 주거환경을 개선하기 위한 공공 정비"
"43","경남도민신문",2020-07-12,"경남도, ‘신재생에너지 융복합지원 공모사업’ 선정","경남도가 산업통상자원부가 주관하는 ‘2021년도 신재생에너지 융복합지원 공모사업’공개평가 결과, 9개 시·군의 9개 사업 2383개소가 선정되어 2021년 신재생에너지 융복합지원 공모사업에 전국 최다 선정되는 성과를 거뒀다.‘신재생에너지 융복합지원사업’은 태양광, 태양열, 지열 등 신재생에너지원 2종 이상을 주택, 상가 등 건물에 설치 지원하는 사업이다.2021년 융복합지원사업은 한국에너지공단에서 지난 3월 20일부터 6월 12일까지 전국 17개 시·도에서 126개 사업을 접수 받아, 6월29일부터 7월3일까지 공개평가를 진행하여"
"44","경남도민신문",2020-07-12,"진주시 스마트 도시 선두주자로 우뚝 서다","진주시가 인공지능, 빅데이터 기반의 미래 도시 기틀 마련 등 다양한 첨단 서비스로 스마트 도시 선두주자로 자리매김하고 있다.정부는 지난 5월 데이터·5G·인공지능(AI) 등 디지털인프라 구축, 비대면 산업 육성, SOC 디지털화 등 3대 영역을 중심으로 한국판 뉴딜을 추진하기로 했다. 이 프로젝트는 향후 2~3년 동안 집중 추진된다.진주시는 이러한 정부 정책에 따라 도시의 다양한 분야에 걸쳐 타 지자체에 앞선 선도적 사업에 선정되거나 추진하여 도시발전 및 관련 산업을 발전시키는데 매진하고 있다.특히 진주시는 타 지자체에 비해 스마트"
"45","경남도민신문",2020-07-09,"창원시 ‘탄소중립 지방정부 실천연대’ 동참 선언","창원시는 서울 코엑스에서 개최된 ‘탄소중립 지방정부 실천연대’ 발족식에 참가했다고 9일 밝혔다.허성무 시장은 지난 7일 특례시 간담회 일정과 중복되어 현장 참여는 못했으나, 참여 동의서에 서명하고 창원시가 2050년 탄소중립에 적극 참여하겠다는 선언 동영상으로 발족식에 동참했다.‘탄소중립 지방정부 실천연대’는 17개 광역 지자체 전부와 63개 기초 지자체가 2050년 탄소중립 달성을 목표로 연대협력하는 연합이다.시는 기후위기의 심각한 현안에 지방정부의 주도적 역할과 지역특성에 맞는 탄소중립 사업을 적극 발굴할 것을 서약하고 환경부와"
"46","경남도민신문",2020-07-09,"진주시 ‘스마트 도시’로 자리매김","진주시는 도시의 다양한 분야에 걸쳐 인공지능(AI)와 빅데이터 등 첨단 기술을 활용한 사업에 앞장서 시민들이 편리하고 쾌적한 삶을 살 수 있도록 노력하고 있다.진주시는 민선 7기 이후로 2년여의 짧은 기간 동안 첨단기술 관련한 국가의 중요한 사업을 유치해 위상을 갖추었다. 이를 기반으로 시는 진주형 스마트 시티를 구현하고 시민위주의 디지털 도시와 도시 경쟁력 향상을 추진해나간다는 계획이다.◆정부의 각종 사업 유치 = 우선 진주시는 정부의 국가인프라 지능정보화 공모사업에 2년 연속 선정돼 총 사업비 26억 5000만원을 확보했다. 또"
"47","경남도민신문",2020-07-09,"창원시 ‘탄소중립 지방정부 실천연대’ 동참 선언","창원시는 서울 코엑스에서 개최된 ‘탄소중립 지방정부 실천연대’ 발족식에 참가했다고 9일 밝혔다.허성무 시장은 지난 7일 특례시 간담회 일정과 중복되어 현장 참여는 못했으나, 참여 동의서에 서명하고 창원시가 2050년 탄소중립에 적극 참여하겠다는 선언 동영상으로 발족식에 동참했다.‘탄소중립 지방정부 실천연대’는 17개 광역 지자체 전부와 63개"
"48","경남도민신문",2020-07-08,"강석주 통영시장 “혁신적인 시정으로 민선7기 3년차 열 것”","통영시는 지난 7일 시청 강당에서 2020년도 공약 및 주요업무 추진상황 보고회를 개최했다.강석주 시장을 비롯한 국·소장, 전 실과소장, 주무팀장 등 80여명이 참석한 가운데 기획예산담당관을 시작으로 시설관리사업소까지 모두 36개부서의 보고가 이루어졌다.이번 보고회는 2020년 상반기에 추진한 공약과 주요업무 등 시정 전반에 대한 추진상황과 성과를 점검하고 활기찬 시정, 도약하는 통영 비전 실현을 위한 구체적인 실행방향을 모색하기 위한 것으로, 민선7기 출범 후 그동안 추진해온 주요 사업들의 미래지향적인 발전방안과 사업 추진 문제점"
"49","경남도민신문",2020-07-08,"창원형 디지털 SOC 뉴딜 오픈형 사업제안공간 개설","창원산업진흥원(원장 백정한)은 창원의 전략산업(수소, ICT, 로봇산업 등)과 SOC 사업을 융합해 SOC 사업을 스마트화·디지털화하는 창원형 디지털 SOC 뉴딜의 ‘오픈형 사업제안 공간’을 개설했다고 8일 밝혔다.▲시민이 디지털 SOC 사업 및 콘텐츠를 직접 제안하는 공간과 ▲기업이 SOC 사업과 전략산업의 융합형 사업모델을 제안하는 공간으로 구성"
"50","경남도민신문",2020-07-08,"박일호 밀양시장 “미래 100년 힘찬 도약, 시민중심 소통도시 구현”","민선7기 2주년을 맞이한 박일호 밀양시장의 지난 2년은 ‘밀양르네상스 구현’에 주춧돌을 쌓는 시간이었다. 박 시장은 민선 6기 재임시절 세웠던 나노산업, 문화관광, 미래농업이라는 3대축 전략을 토대로 밀양의 새로운 미래 100년을 위해 경제, 농업, 관광, 교육 등 각 분야에 가시적인 성과를 내고 있다.지난 2년은 나노융합국가산단, 삼양식품 유치, 밀양 상생형 지역일자리 등 경제 분야와 스마트팜 혁신밸리, 6차 산업 활성화 등 농업 분야의 성과가 눈에 띄고, 농어촌관광휴양단지 추진과 밀양아리랑우주천문대와 국립밀양기상과학관의 동시 개"
"51","경남도민신문",2020-07-08,"문준희 합천군수 민선7기 2주년 주요성과 ‘괄목’","문준희 합천군수는 민선7기 2주년 주요성과로 예산 6000억원 시대를 개막하여 ‘행복한 군민 희망찬 합천’실현을 위한 원동력이 되었다고 밝혔다.민선7기 출범당시 예산규모가 5396억원 이었으나, 2주년 지난 현재 예산규모는 6392억원으로 전반기에만 996억원(18%)이 증가되었다.열악한 우리군 재정여건상 의존재원 확보를 위해 국비지원사업과 각종 공모사업에 선정되기 위해 국회, 중앙부처, 경남도 등 가리지 않고 오로지 합천군의 미래발전과 군민만을 바라보며 뛰어 다녔다고 소회를 밝혔다.군수를 비롯한 전 공무원이 노력한 결과 지난해 가"
"52","경남도민신문",2020-07-08,"거창군 7월 확대간부회의 개최","거창군은 지난 7일 군청 대회의실에서 군수, 부군수를 비롯해 부서장 및 주무담당주사 70여 명이 참석한 가운데 7월 확대간부회의를 개최했다고 밝혔다.이날 회의는 2020년 하반기 인사이동과 최영호 부군수 발령 이후 처음 개최되는 확대간부회의로, 조직이 새롭게 정비된 만큼 민선 7기 후반기 2년의 새로운 6대 비전 추진을 다짐하는 자리로 마련됐다."
"53","경남도민신문",2020-07-07,"정점식 의원, 국회 농해수위 위원 선임","정점식 국회의원(미래통합당 통영·고성)이 제21대 국회 농림축산식품해양수산위원회(이하 농해수위) 위원으로 선임됐다.국회 농해수위 위원에 정 의원이 임명됨에 따라 통영·고성 지역의 농축임수산 분야 국비예산 확보와 각종 현안 사업추진이 한층 더 탄력을 받을 것으로 예상된다.정점식 의원은 24년 경력의 검사장 출신으로 중앙당의 전략적 고려에 따라 당초 법제사법위원회에 배정될 것이 유력했으나, 본인의 강력한 요청으로 농해수위에 배정될 수 있었던 것으로 알려졌다.특히, 정 의원은 제21대 국회의원 선거의 제1호 공약으로 내세우고, 희망상임위"
"54","경남도민신문",2020-07-07,"경남도, 탄소중립 지방정부 달성에 앞장선다","지방자치단체 간 공동 대응으로 탄소중립 달성을 목표로 한 ‘탄소중립 지방정부 실천연대’가 7일 오후, 서울 코엑스 아셈블룸홀에서 발족했다.이날 발족식에는 반기문 국가기후환경회의 위원장, 조명래 환경부장관과 광역 및 기초 지자체장 등 200명이 참석하였다. 경남도는 김경수 지사가 서면으로 참여에 동의했다.‘탄소중립 지방정부 실천연대’는 대구시(광역대표)와 수원시(기초대표)를 필두로 탄소중립을 선언하고 탄소중립계획을 수립·추진하는 지방자치단체 연합이다. 탄소중립은 이산화탄소를 배출한 만큼 이산화탄소를 감축하는 대책을 세워 실질적인 배출"
"55","경남도민신문",2020-07-07,"경남도, 도시재생 디지털 청년인재 양성사업 추진","경남도는 통영 폐조선소 재생사업으로 건립한 리스타트플랫폼 공간에서 경남대, 빅리더 인스티튜트, 통영시와 함께 ‘빅리더 AI 아카데미’를 개최한다. 6일부터 시작되는 이번 ‘빅리더 AI 아카데미’는 4차 산업혁명시대의 디지털 뉴딜에 부응하는 청년인재를 양성하기 위해 추진된 것이다.도는 올해 2월에 경남대와 교육혁신단체인 빅리더 인스티튜트와 함께 도가 진행 중인 ‘도시재생 디지털 뉴딜정책’의 성공모델을 위해 스마트 도시재생의 파일럿 모델로 ‘통영시 폐조선소 재생사업지구’를 선정했다.이에 경남대(전종식 총괄책임교수)와 빅리더 인스티튜트는"
"56","경남도민신문",2020-07-07,"이재근 산청군수 “동의보감촌 바탕으로 한방항노화산업 선도할 것”","민선 7기 2주년을 맞은 산청군은 지난 2년 동안 80여개에 이르는 국·도비 확보 공모사업에 선정돼 사업을 완료했거나 현재 정상 추진하고 있다. 이들 사업의 총 사업비는 2500여억원에 이른다.눈에 띄는 사업으로는 △230억원 규모의 농촌중심지활성화 사업 △110억원이 투입되는 고품질쌀 유통활성화 사업 △66억원 규모의 도시재생 뉴딜사업 △70억원 규모의 농촌 신활력 플러스 사업 △62억원이 투입되는 새뜰마을 공모사업 등이 있다.산청군은 또 올해 사업을 시작한 △금서면 일원 330억원 규모 농업용수개발을 비롯해 한방약초 선도도시 부"
"57","경남도민신문",2020-07-06,"김경수 “균형발전 뉴딜·동남권 메가시티 중요”","김경수 경남도지사가 이해찬 대표를 비롯한 더불어민주당 지도부가 모인 자리에서 “포스트 코로나 시대, 균형발전 뉴딜과 동남권 메가시티 구축이 중요하다“고 제안했다.김 지사는 6일 오전 국회 본청 당대표회의실에서 진행된 ‘2020 더불어민주당 부산·울산·경남 예산정책협의회’에 참석해 “포스트코로나 시대, 균형발전 뉴딜과 적극적인 산업정책, 사회제도적 개혁 위한 사회적 대타협 등 3가지 과제가 중요하다”며 이같이 말했다.김 지사는 모두발언을 통해 “균형발전 2단계사업이라고 할 수 있는 ‘균형발전 뉴딜’을 통해 수도권에 몰린 돈과 사람을"
"58","경남도민신문",2020-07-06,"문준희 합천군수 “군민들이 체감할 수 있는 구체적 성과 창출에 총력”","문준희 군수는 민선 7기 합천군수로 취임해 ‘행복한 군민 희망찬 합천’을 슬로건으로 △소통하는 공감행정 △활력있는 지역경제 △다시 찾는 문화관광 △함께하는 나눔복지를 군정목표로 설정하고, 이를 실천하기 위해 군민들과의 약속인 공약사업의 충실한 이행을 군정운영의 최우선 과제로 삼아왔다.그 동안 8개 분야 80개 공약사업들을 차질없이 추진해 왔으며, 현재까지 29개의 공약사업은 완료하고 나머지 공약사업들에 대해서도 임기 내 완료를 목표로 속도를 내고 있다.한국매니페스토본부는 지난해 말 기준 전국 226개 자치단체장을 대상으로 △공약 이"
"59","경남도민신문",2020-07-05,"경상남도, 경남 스타기업 지정서 수여식 개최","경남도가 성장잠재력과 일자리 창출, 지역사회 공헌 등이 우수한 중소기업을 체계적으로 지원해 글로벌 강소기업으로 육성한다.도는 지난 3일 경남테크노파크에서 김경수 도지사, 이영석 경남지방중소벤처기업청장, 안완기 경남테크노파크원장, 스타기업 대표 등이 참석한 가운데 ‘2020년 경남 스타기업 지정서 수여식’을 개최했다.올해 선정된 기업은 ▲건영테크㈜, ▲㈜경한코리아, ▲㈜남경테크윈, ▲넥스트원㈜, ▲㈜델릭스, ▲㈜라쉬반코리아, ▲㈜부마CE, ▲㈜에코맘의산골이유식, ▲에프디씨㈜, ▲엔디티엔지니어링㈜, ▲㈜유니벡, ▲㈜제일종공, ▲지오지에"
"60","경남도민신문",2020-07-05,"경남 3대 뉴딜 · 3대 정책 추진…하반기 정기인사 실시","경남도가 지난달 26일 실국장·부단체장·4급 과장급 대한 인사에 이어 지난 3일 5급 이하 실무 공무원들에 대한 정기인사를 발표했다.하반기 조직개편·공로연수·명예퇴직·전출입 등에 따른 후속 인사로, 인사규모는 총 679명을 대상(승진 208명, 전보 296명, 신규·전입 53명, 파견·휴직 등 122명)으로 했다.이번 하반기 인사 방향은 민선7기 후반기 도정의 핵심 추진 방향인 경남형 3대 뉴딜(스마트·그린·사회적), 3대 핵심정책(청년·교육인재·동남권 메가시티)을 속도감 있게 추진하는 적소, 적재의 인사 배치에 주력했다.먼저 코로"
"61","경남도민신문",2020-07-05,"창원시, 건축사회 간담회 개최","창원시는 지난 3일 창원지역건축사회 임원진과 민선7기 2년 시정 홍보 및 주요 시책 추진사항, 건축조례 개정 안내 등을 위한 간담회를 가졌다고 밝혔다.이날 간담회에는 창원시 건축사회 오춘근 회장과 임원진 10여명이 참석했다.시는 2020년 추진하는 건축·경관 주요 시책 추진 진행 및 건축조례 개정 사항에 대하여 설명하고 더불어 창원시 스마트"
"62","경남도민신문",2020-07-05,"조규일 진주시장-김경수 경남도지사 공감·소통","조규일 진주시장은 4일 오전 경남도청 서부청사 도민접견실에서 김경수 경남도지사를 만나 진주시의 주요 정책사업을 건의하고 현안사업에 대해 설명하는 공감·소통의 시간을 가졌다.이날 만남은 경남도 농업기술원 천심관에서 개최된 서부경남 공공의료 확충을 위한 제4차 도민토론회 참석 차 김경수 도지사가 진주를 방문함에 따라 조규일 시장이 주요 정책사업 및 지역 현안을 직접 챙기고 조속히 해결하고자 김 지사와 만남을 요청해 이루어졌다.이날 도지사와의 만남에서 조규일 시장은 강남지구 도시재생 뉴딜사업, 항공우주산업 특화단지 조성, 글로벌 게임센터"
"63","경남도민신문",2020-07-05,"김일권 양산시장 “포스트 코로나 시대, 위기를 기회로 삼겠다”","‘시민이 시장’이라는 시정운영 철학을 항상 가슴에 담고 민선 7기 양산시정을 이끌어온 김일권 양산시장이 취임 2주년을 맞았다. 지난 2년, 소통의 리더쉽으로 양산시가 나아가야 할 방향을 새롭게 정하고, 제도적 기반을 마련하고, 변화와 희망의 밑그림을 그렸다.전반기 민선 7기 양산시정을 한단어로 요약하면 ‘소통’이다. 시장집무실을 3층에서 1층으로 옮기고 ‘열린 시장실’로 운영하면서 직접 시민들과 만나고 있다. 특히 정책참여행복위원회, 주민참여예산위원회 등을 운영하면서 양산시의 다양한 분야의 정책결정에 시민들이 주도적으로 참여할 수"
"64","경남도민신문",2020-07-05,"거창군, 민선 7기 성과·비전 보고회 개최","거창군은 군청 대회의실에서 관내 기관단체장과 군민들을 초청하여 전 부서장과 읍·면장 등 120여 명이 참석한 가운데, 민선 7기 전반기 성과와 하반기 비전 보고회를 개최했다고 지난 3일 밝혔다.이번 보고회는 민선 7기 2년 동안의 성과와 향후 2년간의 미래 비전을 군민들과 공유하기 위해 마련됐으며, 마스크 착용, 발열체크, 손소독제 실시 등 ‘생활"
"65","경남도민신문",2020-07-02,"함양군 인당마을 도시재생뉴딜 선진지 견학","함양군은 지난달 30일 인당마을 주민과 함께 김해시 회현당 사회적 협동조합과 도시재생뉴딜 사업대상지를 견학했다. 이번 선진지 견학은 인당마을 주민의 역량을 강화하고 주민참여 일자리 창출과 산삼청국장 산업화 추진방안을 구체화하기 위해 마련됐다. 회현마을 공동체인 회현당은 폐지 줍던 어르신들이 직접 운영을 하면서 어르신들의 사회안전망을 확보하"
"66","경남도민신문",2020-07-02,"기고-고현 구도심 불황 극복 위해 모두의 힘 모아야(1)","정종진/거제시 도시재생과장-고현 구도심 불황 극복 위해 모두의 힘 모아야(1)도시재생뉴딜사업은 연평균 10조원 대 공적 재원을 투입해 연간 39만개의 일자리 창출을 목표로 하는 문재인 정부의 대표적인 국책사업 중 하나로, 매년 100여 개의 지역이 신규로 선정되고 있다. 국비와 도비를 포함해 72%가 지원되는 도시재생 뉴딜사업이 선정된다는 것은, 지"
"67","경남도민신문",2020-07-01,"창원시 ‘지시사항 추진상황 보고회’ 열어…시정 하반기 실행력 점검","창원시는 민선7기 반환점을 맞아 ‘지시사항 추진상황 보고회’를 개최해 각 부서에서 추진하고 있는 지시사항과 현안에 대한 추진상황을 점검했다고 1일 밝혔다.지난 29일 열린 이번 보고회는 지난 2년의 이행상황을 돌아보며 추진과정에서 발생한 문제점을 파악하고 대책을 마련해 통합 10주년을 맞이하는 시정 하반기 업무 추진에 실행력을 제고하기 위한 자리로 마련됐다.허 시장은 보고회 개최에 앞서 “지시사항은 시정 발전을 견인할 가장 시급한 현안으로 시정운영 철학과 방향이 담긴 시 시정의 핵심이자 창원의 변화와 발전을 바라는 시민의 목소리를"
"68","경남도민신문",2020-07-01,"창원시 제1회 도시재생 행정협의회 개최","창원시는 2020년도 제1회 도시재생 행정협의회를 개최했다고 1일 밝혔다. 도시재생 행정협의회는 국토교통부 도시재생 뉴딜사업 가이드라인에 따라 사업 관련부서와 유관기관 등으로 구성된 조직으로, 도시재생활성화계획 수립 및 도시재생사업 시행에 있어 유관기관 간 연계·협력이 필요한 사항을 상정 및 조정하고 재생사업의 현안을 공유하고 의견을 수렴하는 역할을"
"69","경남도민신문",2020-07-01,"장충남 남해군수 “남해형 안전·안심 모델 구축한다”","민선 7기 남해군 장충남호가 ‘활력있는 군정, 반영하는 남해’를 군정 목표로 출항한 지 2주년을 맞았다.장충남 군수는 민선 7기 취임 2주년을 맞아 1일 오전 11시30분 군청 회의실에서 언론 브리핑을 열고 그동안 남해군의 군정성과와 향후 2년 군정의 포부를 밝혔다.장 군수는 민선 7기 출발과 함께 공평하고 투명한 인사로 공직 문화에 신뢰를 싹틔우고, 업무 효율화를 위한 조직 개편과 인력 재배치로 ‘일하는 공직사회’를 만들어 왔다.그 결과 ‘제10회 대한민국 반부패 청렴대상’과 경남도 혁신평가 우수기관으로 선정됐으며, 올해는 시군"
"70","경남도민신문",2020-07-01,"통영 마동항 대국민참여형 현장포럼 개최","통영시는 29일부터 30일까지 해양수산부에서 추진하고 있는 어촌뉴딜300사업의 마동항 공모사업의 성공적인 추진을 위해 대국민 참여형 현장포럼을 개최했다.현장포럼에는 마동마을 지역주민들과, 공주대 및 한양여자대학교 교수 및 학생 26명, 서울미디어대학원대학교 교수 및 분야별 전문가, 통영시, 용역사 등이 참석했다.이번 현장포럼은 해양개발과장의"
"71","경남도민신문",2020-07-01,"조규일 진주시장 “시민 행복한 ‘부강 진주’ 구현 최선”","조규일 진주시장이 1일 취임 2주년을 맞아 변함없이 공감·소통·민생 행보를 이어갔다.조규일 진주시장은 이날 정례조회, 취임 2주년 기자회견, 시민과의 데이트, 전통시장 방문 등 특별한 하루를 보냈다.먼저, 오전 9시 정례조회에 참석한 조규일 시장은 지난 2년 동안 진주의 새로운 미래를 열어가는 중요한 사업들을 착실하게 추진해 시정의 다양한 분야에서 알찬 성과를 거두는데 노력한 직원 한명 한명과 악수를 하며 그 간의 노고를 격려했다.11시에는 취임 2주년 기자회견을 가졌다. 조규일 시장은 기자회견을 통해 “민선7기 지난 2년은 시민이"
"72","경남도민신문",2020-07-01,"경남도, 섬주민과 함께 ‘살고 싶은 섬’ 가꾸기 본격 나서","경남도는 섬주민과 함께 만드는 2020년 ‘살고 싶은 섬’가꾸기 사업 대상지를 오는 7월 21일까지 공모한다고 밝혔다.‘살고 싶은 섬’가꾸기 사업은 주민 주도의 섬 마을 공동체를 통하여 지속 가능한 섬을 만드는 섬 재생 사업이다.그간 중앙정부 주도의 섬 발전 사업이 섬의 노후화된 인프라(방파제, 물양장 등)를 개선하는데는 큰 기여를 해왔지만, 섬주민이 체감할 수 있는 사업으로 나아가는 데는 한계가 있었다. 또한 각 부처 사업 간의 연계성을 높여서 시너지 효과가 제대로 발휘될 수 있었으면 하는 아쉬움이 있었던 것도 사실이다.이에 경남"
"73","경남도민신문",2020-06-30,"박일호 밀양시장, 밀양르네상스 완성 다짐","밀양시는 시청 소회의실에서 민선7기 출범 2주년을 되돌아보는 시정성과 보고회를 개최했다고 밝혔다.이번 보고회는 박일호 밀양시장 주재로 과장급 이상 간부공무원 전원이 참석한 가운데 민선 7기 2주년 주요성과와 앞으로의 시정운영 방향에 대해 토론하는 시간으로 운영됐다.민선7기 2년간의 주요성과로 밀양발전 3대축인 산업, 농업, 문화관광 분야에서 가시적인 성과를 거뒀으며, 각 분야에서 대형사업을 대거 유치하고 핵심사업을 성공적으로 추진해 밀양의 신경제지도를 차질 없이 완성해 나가고 있다는 평가다.시는 민선7기 공약사업 7개 분야 58개"
"74","경남도민신문",2020-06-30,"변광용 거제시장, 민선7기 2주년 성과·미래 비전 발표","‘PPT로 직접 브리핑’시 공식 SNS 생중계 진행예산 1조원 시대 달성·차별화된 일자리 창출거제시는 30일 시청 블루시티홀에서 민선7기 출범 2주년 브리핑을 열었다.변광용 거제시장은 이날 PPT로 직접 지난 2년의 시정 성과와 향후 미래 비전을 발표하였으며, 이는 시 공식 SNS를 통해 생중계됐다.변 시장은 ""지난 2년은"
"75","경남도민신문",2020-06-30,"경남도-투자유치유관기관 협업 맞손","경남도가 30일 경남지방중소벤처기업청 회의실에서 ‘도 투자유치유관기관협의회’를 개최했다.경제부지사를 비롯한 일자리경제국장, 도·시군 투자유치 소관 과장 및 유관기관 등이 참석한 가운데 진행된 회의는, 향후 경남의 투자유치 추진방향 등에 대한 내용으로 진행됐다.‘투자유치유관기관협의회’는 올해 4월 도 일자리경제국장을 중심으로 도·시군 투자유치 관련부서와 경남테크노파크, KOTRA 경남지원단, 창원상공회의소 등 유관기관 위원 23명으로 구성된 바 있다.이는 경남도가 투자유치유관기관과의 협업으로 스마트공장을 보급·확산하고, ICT 융복합"
"76","경남도민신문",2020-06-30,"함양군 ‘불로장생 특화거리 조성’ 주민 워크숍 개최","함양군 안전도시과는 지난 26일 국토교통부 도시재생뉴딜 용평리 일반근린형 사업의 활성화 계획에 따라 불로장생 특화거리 150m 구간(용평4길, 용평5길, 중앙시장길) 가로경관 1차 주민 워크숍을 개최했다. 불로장생 특화거리 조성은 △골목경제 활성화를 위한 주변 시설과 교통체계 정비 △원도심 쇠퇴에 따른 함양시장과 골목상권 활성화 △함양상림 이용객의"
"77","경남도민신문",2020-06-30,"경남형 3대 뉴딜사업 추진 가속화 한다","경남도는 30일 하병필 행정부지사 주재로 도정 3대 핵심과제와 2대 정책방향에 대한 추진상황을 점검하고 그 가속화 방안을 논의하기 위해 ‘2020 도정 핵심과제 추진상황 보고회’를 개최했다.경남도는 올해 초 ‘청년특별도’, ‘교육인재특별도’, ‘동남권 메가시티 플랫폼’의 3대 핵심과제와 ‘혁신과 성장’, ‘체감하는 변화’라는 2대 정책방향을 제시하고 총 87개 세부사업을 추진해왔다.2대 정책방향은 기존의 주요사업들을 확장하고 가속화하기 위한 것으로, 재료연구소의 ‘원’승격과 역사문화권 정비 특별법 제정, 그리고 경남1번가 운영 내실"
"78","경남도민신문",2020-06-30,"경남도, 현장전문가 30명으로 도시재생위원회 발족","경남도가 30일 도시재생 활성화 및 지원에 관한 특별법에 따라 현장전문가 30명으로 구성한 ‘도시재생위원회’를 발족했다.‘도시재생위원회’는 도시재생관련 안건 심의에서부터 현장컨설팅, 도시재생대학 교육까지 통합적인 지원을 하기 위해 ‘도시재생, 문화, 예술, 관광, 청년, 사회적경제, 디자인, 도시계획, 건축’ 등 19개 분야의 현장전문가로 구성됐다.현재 도내에는 2014년 정부 공모에 선정된 ‘마산원도심 도시재생사업’을 선도사업으로 도시재생 뉴딜사업 26개소, 소규모 재생사업 22개소, 도시재생 스마트기술 지원사업 2개소 및 도 자"
"79","경남도민신문",2020-06-29,"김경수 도정 후반기, 민생경제·도민안전 초점","경남도는 29일 도정자문위원회(위원장 이은진) 제5차 전체회의를 개최하고 민선7기 2년간의 도정 4개년계획 추진상황을 최종 점검했다.이날 회의에는 김경수 도지사를 비롯하여 행정·경제부지사, 실국본부장이 참여했으며, ‘다시 뛰는 경남 경제’, ‘사람 중심 경남 복지’, ‘함께 여는 혁신 도정’ 등 3대 목표를 달성하기 위해 추진하고 있는 도정4개년계획의 주요 성과와 문제점들을 짚어보고, 남은 2년 동안의 과제와 나아갈 방향에 대해 논의했다.이은진 위원장의 개회선언으로 시작된 이 날 회의는 도정4개년계획 추진상황에 대해 도정자문위원들이"
"80","경남도민신문",2020-06-29,"경남도, 도시재생 현장전문가 169명 배출","경남도 도시재생지원센터는 도내 도시재생 전문가 양성을 위해 도시재생대학을 통해 ‘기초과정 교육’과 ‘심화과정 교육’을 운영하고 있다. ‘시·군 도시재생지원센터 직원, 마을활동가, 문화기획자, 관계공무원’ 등을 대상으로 도시재생 전문가(코디네이터) 기초역량을 배양하기 위한 과정이다.2018년부터 운영된 도시재생대학 기초과정은 국내 유수 전문가를 초빙해 도시재생 이론과 사업현장 교육으로 문제해결 기초능력을 배양하기 위한 ‘도시재생 전문가 양성과정’이다. 그간 169명의 도시재생 전문가를 배출했으며, 이번 26일 하동군 켄싱턴리조트에서"
"81","경남도민신문",2020-06-29,"서춘수 함양군수 “미래 100년 착실히 준비하겠다”","민선 7기 임기 반환점을 도는 서춘수 함양군수가 29일 “남은 임기 동안 투명하게 군정을 운영하며 함양군 미래 100년을 착실하게 준비하겠다”는 각오를 밝혔다.서춘수 군수는 이날 오전 11시 군청 대회의실에서 취임 2주년 기자간담회를 열고 “지난 2년은 터를 잡고 기초와 뼈대를 세우는 과정이었다면 남은 2년은 향후 100년을 내다보며 건물을 높게 올리는 시기”라며 이같이 말했다.이날 기자간담회는 간부공무원과 언론인 등 50여명이 참석한 가운데 민선 7기 전반기 주요 성과를 되돌아보고 향후 군정운영계획에 대한 청사진을 발표하는 자리였"
"82","경남도민신문",2020-06-29,"구인모 거창군수, “더 큰 거창도약, 반드시 이뤄낼 것”","구인모 거창군수는 29일 군청 상황실에서 취임 2주년을 맞아 전반기 2년간 성과와 후반기 2년간 비전을 발표했다.2018년 7월 2일 제43대 거창군수로 취임한 후 구인모 군수는“군민들을 위해 숨 가쁘게 달려온 지난 2년간의 성과를 알리고, 남은 2년 동안 민선7기 군정 슬로건인 ‘더 큰 거창도약, 군민 행복시대’를 반드시 이루겠다는 의지를 밝히고자"
"83","경남도민신문",2020-06-28,"사설-김경수 지사 후반기 도정 경제살리기 집중을","민선 7기 반환점을 돈 김경수 도지사가 앞으로 2년 임기 동안 경남형 뉴딜과 3대 핵심과제를 중심으로 민생경제를 안정화하는 도정을 만들어 가겠다는 포부를 밝혔다. 김 지사가 도지사로서 당연한 책무를 강조한 것은 그만큼 현 경제상황과 지역경제가 엄중하기 때문이다.현재 경남의 경제 상황은 만만치가 않다. 코로나19 사태로 인한 소비부진과 수출감소, 고용"
"84","경남도민신문",2020-06-24,"김경수 지사 ""'경남형 뉴딜'로 성장동력 확보""","취임 2주년을 맞은 김경수 경남도지사는 24일 ‘포스트 코로나’ 시대에 ‘경남형 뉴딜’정책과 그동안 추진해왔던 청년특별도와 교육인재특별도, 동남권 메가시티 3대 핵심과제로 안전하고 행복한 경남을 만들겠다고 밝혔다.김 지사는 이날 도청 대회의실에서 취임 2주년 기자간담회를 열고 “전반기가 제도적 기반과 국책사업 유치로 경남도정 토대를 구축했다면 남은 2년 후반기는 경남형 뉴딜과 3대 핵심과제를 중심으로 민생경제를 안정화하는 도정을 만들어 가겠다”고 말했다.경남형 뉴딜은 디지털데이터 산업생태계 조성, 비대면 서비스산업 육성 등 스마트뉴"
"85","경남도민신문",2020-06-24,"경남도, ‘어촌뉴딜300사업 공모 설명회’ 온라인 개최","경남도는 26일 해양수산부의 ‘2021년도 어촌뉴딜300사업 대상지 선정을 위한 공모계획 설명회’를 온라인으로 개최한다고 밝혔다.‘어촌뉴딜300사업’은 2018년부터 공모사업 방식으로 진행하고 있으며, ‘설명회’는 그 동안 담당공무원을 비롯한 한국어촌어항공단·한국농어촌공사·지역주민 등이 참여하는 대면방식으로 실시해왔으나, 올해는 코로나19가 장기화 되면서 온라인으로 설명회로 대체됐다.2021년 어촌뉴딜300사업 공모계획 온라인 설명회 내용은 해양수산부 홈페이지의 ‘알림·뉴스>뉴스>동영상뉴스’ 코너와 경상남도 공식유튜브 갱남피셜(ht"
"86","경남도민신문",2020-06-23,"경남도, 민주당 국회의원과 정책간담회 개최","경남도는 23일 서울 켄싱턴호텔에서 ‘더불어민주당 도내 국회의원과 정책간담회’를 개최했다.이날 간담회는 주요 현안사업과 2021년 국비예산 확보 방안을 공유하고 해결방안을 함께 모색하기 위해 마련됐다. 이 자리에는 김경수 도지사와 민홍철 더불어민주당 경남도당위원장, 김정호, 김두관 국회의원 등이 참석했다.김 지사는 이날 인사말을 통해 “국회의원 당선을 진심으로 축하드리며, 공약사항들은 도정과 연계해 실행될 수 있도록 노력하겠다”며 “국비확보와 제도개선, 중앙정부 이해·설득 등 사업 진행 과정에서 긴밀히 소통하면서 협력해 나가겠다”고"
"87","경남도민신문",2020-06-22,"통영시, 어촌뉴딜 해수부 현장자문 실시결과 중간보고","통영시는 6월 18일, 19일 이틀간 사량도 내지마을에서 2020년 어촌뉴딜 300사업 대상지(5개항)에 대한 어촌뉴딜300사업 해수부 현장자문 실시결과 중간보고회를 가졌다.중간보고회에는 수산·어촌·관광·레저·항만·경관·공동체 활성화 등 분야별 전문가로 구성된 해수부 총괄조정가와 자문위원, 용역사, 통영시 담당 공무원 및 한국농어촌공사·한국어촌어항공"
"88","경남도민신문",2020-06-22,"거제 장승포 도시재생현장지원센터-거제대학교, 업무협약","거제시 장승포 도시재생현장지원센터(센터장 조민), 고현동 도시재생현장지원센터(센터장 박영태)와 거제대학교 관광경영과(학과장 이동철)는 거제대학교 국제세미나실에서 ‘교류협력을 위한 업무협약’을 체결했다.이번 협약을 통해 장승포 도시재생현장지원센터 및 고현동 도시재생현장지원센터에서는 주민역량강화 사업 및 주민제안공모사업 등에 참여기회를 제공하고, 도시재"
"89","경남도민신문",2020-06-22,"“산청공원 중장기 공원조성계획 마련” 건의","산청군의회 조병식(산청군 가선거구, 미래통합당)의원은 6월 22일 제267회 산청군의회 제1차 정례회 제2차 본회의에서 5분 자유발언을 통해 1978년 근린공원으로 지정되어 오늘에 이르고 있는 산청공원의 현황과 향후 발전 방안에 대해 건의했다.산청공원의 공원지정 총 면적은 45,420㎡로 구역은 경호1교를 기준으로 위쪽편의 수계정공원과 군청 뒤편의 산엔청 공원이 포함된다.1978년 공원으로 지정 당시 산청공원은 1만 7천㎡ 규모의 수계정공원 중에서도 일부 구역만 공원으로 활용하고 있었고, 군청 뒤편은 임야상태로 있다가 2009년도에"
"90","경남도민신문",2020-06-21,"김경수 지사, “포스트 코로나 준비 민관 행동변화 시작”","김경수 경남도지사는 “포스트 코로나 준비를 위한 지역공동체의 고민과 함께 이제는 행동의 변화를 시작할 때”라고 강조했다.김 지사는 지난 19일 도청 중회의실에서 개최된 제1회 북모닝 특강 자리에서 “코로나19 위기 상황을 통해 사회전반 변화의 필요성에 대해 공유되고 있다”며, 새로운 전환의 미래사회 준비를 위해 지역공동체와 함께 그 변화를 위한 행동을 시작해야한다”고 말했다.이날 개최된 북모닝 특강은 도 간부공무원과 직원들이 참여하여, 빠르게 변화하는 사회변화와 도민의 생활 속에 성공적으로 정착해간 혁신적 사례들을 행정에 도입하기"
"91","경남도민신문",2020-06-21,"윤상기 하동군수 ‘현안사업·국고예산’ 확보에 사활","윤상기 하동군수가 지난달 말부터 매주 기획재정부·행정안전부 등 중앙부처를 찾아 하동 100년 미래 먹거리 현안사업의 정부 지원과 내년도 국고예산 확보에 사활을 걸고 있다.하동군은 윤 군수가 지난 18일 기획재정부 안도걸 예산실장, 김완섭 사회예산심의관, 한훈 경제예산심의관과 한국판 뉴딜 TF팀을 차례로 만나 하동군 주요 현안 사업의 중요성과 시급성을 설명하고 국비 지원을 건의했다고 19일 밝혔다.특히 이날은 기획재정부 예산실장과 예산심의관이 중앙부처에서 기획재정부로 제출된 사업을 국회로 넘기기 전 심사하는 중요한 시기여서 어려운 경"
"92","경남도민신문",2020-06-21,"조근제 함안군수 민선 7기 2주년 성과","가야리 국가사적 지정·아라길 조성 등머무는 문화관광 등 5대 군정 중점 추진공약 76건 중 완료 30건·정상 44건 순조지역특화 관광·신성장산업 육성에 총력오는 7월 1일이면 민선7기 조근제 군정이 닻을 올린 지 2년이 된다.아라가야 왕궁지로 알려진 가야리 유적의 국가사적 지정, 악양둑방·악양생태공원을 연계한 관광자원화 추진, 입곡군립공원 체험관광시설(아라힐링카페) 확충, 폐철도부지를 활용한 아라길 조성, 스마트공장 보급·확산, 공설장례식장 건립, 몽골에서의 함안수박 재배성공, 제58회 경남도민체육대회 종합우승 탈환, 변화하는 행정"
"93","경남도민신문",2020-06-18,"경남도 SW지원사업 통합 보고회 개최","경남도와 경남테크노파크(원장 안완기)가 18일부터 19일까지 거제시 소노캄 리조트에서 SW융합클러스터 2.0 사업 등 ‘경남도 SW 지원사업의 통합 보고회’를 개최했다.지역 SW기업과 지자체, 유관기관 관계자 등 150여명이 참석한 가운데 진행된 보고회는 ‘SW융합클러스터 2.0 사업의 2차 년도 착수보고회’를 겸해 새로이 선정된 지역SW 산업진흥지원사업과 SOS랩 구축·SW서비스 개발 사업 등 ‘SW지원사업의 통합보고회’로 진행됐다.코로나19로 연기되었다 개최하게 된 이번 보고회에는 부대행사로 ICT 기업 관리자 인식 개선 세미나"
"94","경남도민신문",2020-06-18,"창원 합성1지구 도시재생활성화계획 공청회 개최","창원시(시장 허성무)는 지난 17일 마산회원구 합성1동 행정복지센터에서 각 분야 전문가와 시민 약 100여명이 참석한 가운데, 합성1지구 도시재생활성화계획 수립을 위한 공청회를 개최했다고 18일 밝혔다.이번 공청회는 합성1동의 노후 주거지 개선과 골목상권 활성화를 위해 수립중인 합성1지구 도시재생활성화계획의 주요사업을 설명하고 관계 전문가와 주민들의"
"95","경남도민신문",2020-06-17,"밀양시-LH경남지역본부 총괄사업관리자 업무협약","밀양시(시장 박일호)는 쇠퇴한 삼문동 구도심에 새로운 활력을 불어넣을 삼문동 도시재생 뉴딜사업을 한국토지주택공사(이하 LH) 경남지역본부와 협력 추진하기 위해 총괄사업관리자 업무협약을 체결했다고 밝혔다.총괄사업관리자 제도는 도시재생사업을 체계적이고 효율적으로 추진하기 위해 지자체가 공공기관, 지방공사 등을 총괄사업관리자로 지정해 사업의 일부를 대행"
"96","경남도민신문",2020-06-17,"진주시 시민들의 도시재생 의견 함께 모아","진주시는 도시재생 전략계획 변경과 강남지구 도시재생 활성화계획 수립을 위한 공청회를 가졌다고 밝혔다.17일 오후 2시 진주지식사업센터 대회의실에서 열린 공청회는 각 분야 전문가 및 시민 80여명이 참석했다.진주시 도시재생 전략계획 변경 수립은 지난 2017년 승인 이후 도시재생 뉴딜 사업의 정부정책 변경 사항과 지역 여건 변화를 반영하여 내실"
"97","경남도민신문",2020-06-17,"문준희 합천군수 민선7기 공약이행 ‘성적 좋네’","문준희 합천군수의 민선7기 공약사업 이행률이 96%에 달하면서 매우 우수한 것으로 나타났다.합천군은 17일 군청 소회의실에서 문준희 군수와 군청 간부공무원 등 30여명이 참석한 가운데 2020년 민선7기 공약사업 및 지시사항 추진상황 보고회를 개최했다고 밝혔다.이번 보고회는 민선7기 반환점을 앞두고 지난 2년간의 공약사업 추진현황을 점검하고 미진한 공약사업에 대해서는 문제점을 분석하고 해법을 모색하기 위해 마련됐다.민선7기 공약사업은 8대 분야에 총 80개 사업으로 완료된 사업 25건(31%), 정상추진 사업 52건(65%), 부진"
"98","경남도민신문",2020-06-17,"경남도 ‘가야 정비사업’ 밑그림 완성","경남도가 가야역사문화권 정비사업의 밑그림을 완성했다.경남도는 국정과제인 ‘가야문화권 조사연구 및 정비’의 체계적 추진을 위해 ‘초광역협력 가야문화권 조성 기본계획 수립 및 사업타당성 조사 연구 용역’ 최종보고회를 17일 개최했다.이날 보고회에는 문화체육관광부 및 국립가야문화재연구소, 경남과 경북, 전북, 전남, 부산, 대구 등 영호남 6개 광역시도, 시군 관계 공무원 등이 참석했다.그동안 신라와 백제문화권은 고도보존육성, 신라왕경 핵심유적 복원정비, 백제왕도 핵심유적 복원정비, 백제역사유적지구 보존관리 등 역사문화도시 조성 사업 등"
"99","경남도민신문",2020-06-17,"‘비거테마 공원 조성’ 진주 역사문화 관광도시로 도약","진주시는 천혜의 자연환경과 어울려 더욱 진주를 빛나게 할 원더풀 남강프로젝트 사업 추진에 박차를 가하고 있다.비거 테마공원 조성사업 및 남강변 중형 다목적 문화센터 건립, 진주성 경관정비사업, 진주성 남강변 탐방로(순찰로) 확장 및 정비 등으로 역사와 문화공간을 확대하고 남부어린이도서관 및 동부시립도서관 건립의 순조로운 추진으로 시민들의 문화적 욕구를 충족시키고 삶의 질을 향상시켜 나갈 계획이다.또한 시는 시민의 다양한 체육수요 충족을 위한 온라인 예약시스템 구축 운영과 전통시장 소비촉진 지원사업 및 성북지구 도시재생사업, 어린이급"
"100","경남도민신문",2020-06-16,"KOEN, 한국판 뉴딜정책의 선도적 이행","KOEN한국남동발전이 한국판 뉴딜정책의 선도적 이행을 위해 ‘KOEN 혁신추진단’을 구성했다.KOEN은 지난 15일 진주 본사에서 혁신책임관(기획관리본부장)을 단장으로 하는 KOEN 혁신추진단 발대식을 가졌다고 밝혔다.‘KOEN 혁신추진단’은 3대 혁신분야별실행조직인 ▲사회가치혁신반(반장 동반성장처장) ▲디지털혁신추진반(반장 디지털전략처장) ▲내부혁신추진반(반장경영관리처장)으로 구성되어 있으며, 한국판 뉴딜을 비롯한 기관의 주요 혁신과제를 중점적으로 추진하는 TF조직이다.이날 발대식에서 KOEN은 한국판 뉴딜정책의 성공적 이행을 위"
"101","경남도민신문",2020-06-16,"경남 도시재생사업에 사회적경제 입힌다","경남도는 16일 거제시청 블루시티홀에서 경남 남부권역 도민을 대상으로 ‘찾아가는 마을기업 입문교육’을 실시했다.이번 교육에는 거제시 고현·옥포·장승포 도시재생 지역 주민과 통영시·고성군의 교육 신청자 등 100여 명이 참석했으며, 마을기업의 이해와 마을자원 발굴, 사업계획 수립 등의 내용으로 진행됐다.2014년부터 2019년까지 진행된 도시재생(뉴딜)사업으로 도내에는 26개 사업지구가 선정됐고, 이중 2014년 도시재생 시범사업으로 최초 지정돼 완료된 창원시 오동동 일원의 경우 ‘보행자 거리, 공영주차장, 창동예술촌 및 창작공예촌’"
"102","경남도민신문",2020-06-16,"김경수 경남지사 “정부, 권역별 광역철도망 지원을”","김경수 경남도지사가 정부와 여당을 향해 “국가균형발전 차원에서 비수도권의 광역철도망 건설과 운영을 지원해 달라”고 요청했다.김 지사는 16일 오후 경남도청 중회의실에서 진행된 ‘더불어민주당 코로나19 국난극복위원 영남권 간담회’에서 “수도권 집중현상을 완화하기 위해서라도 경제적으로 수도권과 대응축을 이룰 수 있는 동남권의 기본적인 생활권, 경제권 구축을 위해 최소한의 교통인프라가 필요하다”며 이같이 말했다.또한 “수도권은 기본적인 광역전철망을 정부가 건설하고 운영하고 있는데 반해, 새롭게 진행되는 (비수도권) 지역의 권역별 광역전철"
"103","경남도민신문",2020-06-16,"창원시 지역경제 활성화 위한 신속집행 ‘박차’","창원시는 지역경제에 활력을 불어넣기 위해 지방재정 신속집행에 박차를 가하고 있다고 15일 밝혔다.시는 이날 조영진 제1부시장 주재로 30억 이상 대형 시설비 사업에 대해 집행상황을 점검하고, 향후 집행방안을 논의하는 보고회를 열었다.시는 청사건립사업, 도시재생 뉴딜사업 등 대규모 사업의 집행상황을 점검하고 집행 애로사항에 대해서는 해결방안을"
"104","경남도민신문",2020-06-15,"합천읍 도시재생 활성화 사업 둥지 내몰림 방지 상생협약","합천군은 지난 11일 건물주·임차인·공인중개사협회 등과 합천읍 도시재생 활성화지역의 임대기간을 보장하고 임대료 인상 준수에 자율적으로 동참할 것을 약속하는 둥지 내몰림(젠트리피케이션) 예방을 위한 상생 협약식을 가졌다.이번 협약은 2020년 도시재생 공모사업 신청 대상지인 합천읍 도시재생사업 추진 과정에서 발생할 수 있는 둥지 내몰림 현상을 예방하기 위한 것으로, 협약을 통해서 공정하고 지속가능한 상가건물 임대차 관계를 형성하여 임차인들의 안정적인 영업활동 및 지역 상권 활성화를 위한 것이다.상생협약서에는 ▲ 건물주는 상가건물 임대"
"105","경남도민신문",2020-06-14,"창원시 ‘창원형 디지털 SOC 뉴딜 사업’ 기업 대상 설명회 개최","창원시는 창원산업진흥원과 함께 지난 12일 ‘창원형 디지털 SOC 뉴딜 사업 기업 대상 설명회’를 개최해 디지털 SOC 뉴딜 사업 추진을 위한 오픈형 사업 제안 공간과 제안 사업에 대한 평가 기준(안)을 설명했다고 밝혔다.지난 4월 ‘창원형 디지털 SOC 뉴딜 프로젝트’ 발표 이후 구체적인 사업실행을 위해 7개의 우선 추진사업을 확정했고, 이번 설명"
"106","경남도민신문",2020-06-14,"경남도, NHN 데이터센터 R&D센터 유치 어떻게 이뤄졌나","최근 정부에서는 포스트 코로나 시대 경기회복을 위해 디지털 인프라 구축, 비대면 산업 육성, SOC 디지털화를 골자로 한 한국판 뉴딜(디지털 뉴딜)을 중점적으로 추진 중에 있다.이런 흐름에 발맞춰 경남도는 국내 굴지의 IT 기업인 NHN㈜의 데이터센터를 유치해 4차 산업혁명시대 디지털 주도권을 확보하고 제조산업 뿐만 아니라 정보통신 및 소프트웨어 산업 등 전·후방 사업도 동반성장하는 계기를 마련해 한국판 뉴딜을 선도할 계획이다.지난 4일 경남도청에서는 NHN㈜, HDC현대산업개발, 김해시와 함께 ‘NHN㈜ 클라우드 데이터센터 건립을"
"107","경남도민신문",2020-06-11,"경남도, 도시재생뉴딜사업 전국 최대 확보 성과","경남도는 국토교통부의 도시재생 뉴딜사업 중 시도에서 자율 선정하는 광역 공모사업을 경남 도내 18개 시군을 대상으로 올 7월부터 10월까지 추진할 예정이다.도시재생뉴딜사업 광역 공모는 국토교통부에서 광역시도별로 국비를 총괄 배정하고 해당 시·도에서는 자율적으로 도시재생 사업을 선정한 후 국토교통부가 그 적격성과 타당성을 평가하여 추진 여부를 최종 결정하는 사업이다.올해 국토교통부에서 광역 공모를 위해 시·도에 배정하는 국비 총예산은 총 4천억 원으로 작년 대비 1,500억 원이 감소하였으나 경남도는 작년과 동일한 400억(전국2위)"
"108","경남도민신문",2020-06-11,"문화가 있는 도시재생을 위한 업무협약 체결","창원시 도시재생지원센터와 문화도시지원센터는 9일 지속가능한 문화도시 조성 및 문화기반 도시재생 활성화를 위해 업무협약을 체결했다.양 기관은 이번 협약을 통해 도시재생 사업지 내 문화 분야 공간조성 및 문화도시 조성을 위한 다양한 프로그램을 공동으로 기획하고 운영하는데 상호 협력하고, 지속적 연대를 위한 공동 문화협의체를 구성하기로 하였다.현재"
"109","경남도민신문",2020-06-10,"합천읍 신소양지구 도시개발사업 추진 본격화","합천군은 지난 9일 군청 소회의실에서 우람종합건설㈜과 합천읍 도시개발사업 추진을 위한 전략적 협력을 모색하고자 신소양지구 도시개발사업 업무협약을 체결했다고 밝혔다.이날 업무협약식에는 문준희 군수, 이수영 우람종합건설 회장, 석만진 군의회의장을 비롯한 양측 관계자가 참석했다.이번 협약은 우리나라 전 국토와 도시가 급속도로 발전하고 첨단화 되고 있는 시대적 변화에 따라 합천읍 시가지의 계획적이고 체계적인 도시개발 필요성에 공감하고, 대규모 투자사업 진행 예정에 따라 신규 주택수요에 대비하여 황강과 핫들 수변공원이 연접하여 주거여건이 우"
"110","경남도민신문",2020-06-09,"창원만의 도시재생, O! CU 프로젝트 가동한다","창원시(시장 허성무)는 민선7기 2년 동안 도시재생분야에서도 괄목할 만한 성과가 있었다.무엇보다도 도시재생을 위한 국비 공모사업에서 창원시가 다수 선정되어 727억원 지원이 결정되었을 뿐만 아니라 원도심 지역 역사, 문화 자원을 활용한 도시재생사업 분야에서도 행복의창 만들기 사업 등 9개 사업에 410억원 투입이 확정되었다.국비공모사업으로 선"
"111","경남도민신문",2020-06-08,"KOEN 화성연료전지 발전사업 상업운전 개시","KOEN 한국남동발전은 지분을 투자해 경기도 화성시에 건설 중인 화성연료전지 발전사업이 최근 상업운전을 개시했다고 밝혔다.화성연료전지 발전소는 지난해 7월 KOEN 한국남동발전과 SK건설이 참여해 19.8MW 규모로 건설하는 SOFC(제작사 Bloom Energy) 방식의 연료전지 발전사업이다. SOFC 연료전지는 액화천연가스(LNG)에서 수소를 추"
"112","경남도민신문",2020-06-08,"함안군-경남청년센터 도시재생사업 업무협약","함안군은 지난 5일 경남청년센터(센터장 신지훈)와 도시재생사업 활성화를 위한 업무협약을 체결했다고 밝혔다.군에 따르면 조근제 군수, 경남청년센터 신지훈 센터장, 양 기관 관계자들이 함안군이 추진하고 있는 도시재생사업과 경남청년센터의 청년지원 정책사업을 연계해 상호간 협력체계를 구축했다.이에 군의 청년정책사업을 강화하고 청년중심의 도시재생 활성"
"113","경남도민신문",2020-06-08,"경남도의원들, 의령·통영 교육현장 방문","경남도의회 기획행정위원회가 8일 의령 미래교육테마파크와 통영 한국예술종합학교 예술영재교육원 예정지를 방문했다.이날 방문은 미래교육테마파크 부지와 영재교육원 예정지 시찰 등으로 경남도의 미래 교육관련 정책을 확인하기 위해 추진됐다.467억원을 투입해 지상 3층, 전체면적 1만3448㎡ 규모로 2022년 하반기에 개관하는 미래교육테마파크는 인공지능(AI), 빅데이터, 사물인터넷(IoT) 등 미래 기술을 이해하고 체험할 수 있도록 융복합 미래학교와 교실을 체험·전시하는 교육문화시설이다.문화체육관광부와 한국예술종합학교가 주관하는 예술영재육"
"114","경남도민신문",2020-06-08,"민주 코로나극복위, 영남권 간담회 연기","더불어민주당 이낙연 코로나19국난극복위원장은 8일 오후 경남 창원의 경남도청에서 영남권 간담회를 열어 지역 현황을 점검할 예정이었으나 국회 상황을 이유로 일정을 연기했다.민주당은 이날 “국난극복위의 간담회 일정은 국회 원구성과 관련해 잠정 연기됐다”고 공지했다.앞서 국난극복위는 지난 3일 충북 청주 오송에서 충청권 간담회를 열고 포스트 코로나 시대 개척을 위한 지역별 현황을 점검한 바 있다.국난극복위는 향후 영남권에 이어 호남, 강원 등에서 간담회를 이어갈 계획이다.국난극복위는 영남권 행사에서 한국판 뉴딜과 고용유지 방안 등을 주제"
"115","경남도민신문",2020-06-08,"경남도, 한예종 ‘예술영재육성 지역 확대사업’ 교육생 모집","경남도가 한국예술종합학교(이하 ‘한예종’)의 ‘예술영재육성 지역 확대사업’을 위한 교육생을 모집한다. ‘예술영재육성 지역 확대사업’은 한예종이 지역 예술영재를 발굴하고 육성하기 위해 신규로 진행하는 국비 공모사업으로, 지난 4월 29일 전국에서 경남도(통영시)와 세종특별자치시 2곳이 협력기관으로 최종 선정됐다. 사업은 5년간 매년 9억 원씩 지원돼"
"116","경남도민신문",2020-06-07,"통영시, 어촌뉴딜300사업 동두·우도항 착공","통영시는 지난 3일 욕지면 연화리 연화항에서 어촌뉴딜300사업 동두·우동항 착공 안전기원제를 개최했다.이날 행사에는 강석주 시장 및 유관기관장, 지역주민 등 60여명이 참석해 어촌뉴딜300사업이 아무 사고 없이 공사를 마무리 할 수 있도록 기원했다.연화도는 빼어난 자연경관과 더불어 불교성지로 알려져 매년 많은 관광객들이 방문하고 있지만, 기항시설의 노후화와 더불어 어촌의 필수 기반시설이 부족해 많은 불편을 겪어 왔다.이에 통영시는 2019년도 어촌뉴딜300 공모사업에 신청해 연화항을 포함한 5개소 선정, 사업비 624억원 확보와 2"
"117","경남도민신문",2020-06-07,"정점식 의원, 한산대첩교·해상국립공원 관련 간담회 개최","미래통합당 정점식 국회의원(통영·고성)은 제21대 국회 등원 첫 주를 맞아 지역 주요현안인 한산대첩교 건설, 한려해상국립공원 구역조정 관련 간담회를 지난 2일, 4일 국회의원회관에서 각각 개최 했다.한산대첩교 건설 간담회는 지난 2일 오후 국토교통부, 교통연구원, 한산발전포럼 관계자가 함께한 가운데 개최됐다.한산대첩교는 통영 한산도와 육지부를 잇는 약2.8km, 약4,200억 원이 소요될 것으로 예상되는 해상교량 사업으로, 정점식 의원은 국도 5호선 연장을 통해 전액 국비, 무료도로로 사업이 추진될 수 있도록 노력 중에 있다.올해"
"118","경남도민신문",2020-06-07,"창원시 ‘2030 스마트 기후환경도시 창원’ 돛 올렸다","3대 목표·7대 추진전략·20대 추진과제 발표허성무 시장 ‘2030 환경비전’ 이행 약속창원시는 지난 5일 제25회 환경의 날을 맞아 미래 10년의 환경목표인 ‘창원시 2030 환경비전’ 선포식을 가졌다고 밝혔다. 이날 시의원, 시민, 환경단체, 전문가 등 60여명이 참석했으며, 환경분야 유공시민 표창도 있었다.선포식은 기후위기 대"
"119","경남도민신문",2020-06-07,"김경수 지사 “기후위기, 경제와 삶의 질 문제”","제24회 환경의 날 기념행사 ‘도민과 함께 만드는 그린뉴딜 경남’기후위기 비상선언… 2050년까지 탄소중립 달성 노력·예산 확충온라인중계 실시간 라이브토론·참석자 최소화 비대면 행사로 진행김경수 경남도지사가 지난 5일 “기후위기 대응은 경제와 삶의 질 문제”라고 밝혔다.김 지사는 이날 도청 대회의실에서 진행된 제25회 환경의 날 기념행사에서 “기후위기가 심각하니까 무조건 해야 하는 문제가 아니라, 기후위기에 적극적으로 대응하지 않으면 경제적으로도, 삶의 질도 나아지지 않는다는 인식의 변화를 함께 만들어가야 한다”며 이같이 말했다.김"
"120","경남도민신문",2020-06-07,"국토교통부 하동 도시재생 뉴딜사업 현장점검","하동군은 국토교통부가 지난 2일 도시재생 뉴딜사업을 추진 중인 하동읍 광평마을을 찾아 주요 사업의 추진사항을 점검했다고 5일 밝혔다.2018년부터 시작된 광평마을의 도시재생 뉴딜사업은 ‘건강하고 넉넉한 하동라이프(Life)’를 비전으로 주거·교육·문화의 재구조화를 통해 정주기반의 회복을 목표로 하는 사업이다.주요 사업내용으로는 어린이·청소년·"
"121","경남도민신문",2020-06-04,"NHN, 김해에 제2데이터·R&D센터 짓는다","경남도는 4일, 도청에서 NHN㈜, HDC현대산업개발, 김해시와 함께 ‘NHN㈜ 클라우드 데이터센터 건립을 위한 투자협약’ 체결식을 개최했다.투자협약 체결식에는 김경수 지사를 비롯해, 박영선 중소벤처기업부장관, 진은숙 NHN㈜ CTO(총괄이사), 권순호 HDC현대산업개발 대표이사, 허성곤 김해시장 등 관계자들이 참석했다.이번 협약(MOU)의 체결로 NHN㈜과 HDC현대산업개발은 김해시 부원지구 일원 약 6만6350㎡을 공동으로 개발하고, 약 1만㎡의 부지면적에 5000억 원을 투입한다.오는 2022년까지 클라우드 기반 도심형 데이터"
"122","경남도민신문",2020-06-04,"경남의 섬, 어떻게 가꿀까","경남도는 ‘(가칭)살고 싶은 섬’ 조성을 위한 섬 발전 자문위원회(이하 ‘자문위원회’) Kick off 회의를 4일, 경남도청 서부청사에서 개최하였다. 당초 올해 3월에 자문위원 위촉식과 첫 회의를 개최할 예정이었으나, 코로나19 여파로 연기되었었다.자문위원회는 지난 해 12월 제정한 ‘경상남도 섬 발전 지원 조례(이하 섬발전조례)’에 따라 경남도 섬 주민의 삶의 질 향상과 지속 가능한 섬 발전을 위하여 분야별 전문가 15명을 위촉하여 구성하였다.자문위원회는 경남에서 처음 출발하는 ‘지속가능한 섬 발전’ 계획을 수립하고 사업을 추진"
"123","경남도민신문",2020-06-03,"한국남동발전 ‘디지털 혁신’ 아이디어 공모","KOEN(한국남동발전)은 한국형 뉴딜의 가속화를 돕기위한 디지털 분야 혁신 아이디어를 공모한다.KOEN은 3일부터 오는 17일까지 2주간 국민의 집단지성을 활용한 사회적 난제 해결을 목표로 국민제안 공모 ‘KOEN에게 알려주세요’를 시행한다고 밝혔다.이번 공모는 국민의 관심과 남동발전 경영현안을 반영해 ▲디지털혁신 ▲그린혁신 ▲일자리혁신 ▲업"
"124","경남도민신문",2020-06-03,"‘창원형 디지털 SOC 뉴딜 프로젝트’ 킥오프 회의 개최","창원시는 2일 포스트 코로나 시대를 개척하기 위한 ‘창원형 디지털 SOC 뉴딜 사업’ 킥오프 회의를 실시하여 구체적인 사업 추진 상황과 앞으로의 추진 방향을 논의했다고 밝혔다.시는 지난 4월 ‘창원형 디지털 SOC 뉴딜 프로젝트’ 발표 이후 구체적인 사업실행을 위해 7개의 우선 추진사업을 확정했고 이번 회의에는 전민영 경남 ICT 협회장님과 백정한"
"125","경남도민신문",2020-06-03,"김경수 경남도지사, 항공산업 살리기 적극 행보","김경수 도지사가 보잉 B737Max의 생산중단 사태와 코로나19의 장기화로 어려움에 처한 도내 항공기업의 위기 극복을 위해 지원에 나섰다.김 지사는 3일 오전 국무총리 주재로 열린 ‘코로나19 대응 중앙재난안전대책본부’ 영상회의에서 “항공 운송 쪽은 지원이 되고 있지만, 항공 제조 분야는 특별고용지원업종이나 기간산업에서 제외돼 있고 주요 항공기업 2만여 종사자 중 약 3,500명 가까이 유휴인력이 발생했다”고 설명했다.이어 “항공제조업은 우리가 미래산업으로 육성해야 할 주요 기간산업”이라며 ‘항공제조업의 특별고용지원업종 지정’, ‘"
"126","경남도민신문",2020-06-03,"경남도 블록체인 기반 공공서비스 구축한다","경남도가 포스트 코로나 시대의 핵심기술, 블록체인 기반 공공서비스를 구축한다.경남도는 3일 오후 도청 소회의실에서 김경수 도지사와 한국인터넷진흥원, 블록체인 관계자 등이 참여한 가운데 ‘2020년 블록체인 공공선도 시범사업 추진사항’ 점검 보고회를 개최했다.‘블록체인 공공선도 시범사업’은 분산신원증명(DID) 기반 디지털 공공서비스 플랫폼을 구축하는 사업으로 지난해 과학기술정보통신부와 한국인터넷진흥원이 주관한 시범사업 과제에 선정되어 추진 중이다.이번 사업은 오는 12월 서비스 개시를 목표로 라온시큐어(주)와 (주)애드뱅크가 컨소시"
"127","경남도민신문",2020-06-03,"경남도, ‘산업기계 재제조 종합지원 인프라’ 조성","경남도가 산업통상자원부의 ‘산업기계 에너지 저감형 재제조 기술개발’공모에 선정됐다.‘국산화 CNC 기반 산업기계 재제조 기반조성 사업’은 산업단지의 노후 설비를 재제조하여 에너지와 자원을 절감하고 제조업 활력을 제고하기 위해 산업통상자원부가 올해부터 집중 지원하는 기술개발 사업이다.재제조는 노후 기계의 고장이나 성능이 저하된 부품을 진단해 제조엔지니어링 기술(스캔·역설계·해석·제작·시험·평가)을 통해 신품 수준으로 복원하는 것이다. 이는 신제품 생산과 비교해 투입되는 에너지와 자원을 80~90%까지 절감할 수 있으며, 제품 성능은"
"128","경남도민신문",2020-06-02,"김 지사 “8955억 추경, 도민 안전과 민생경제 회복 초점”","김경수 경남도지사는 2020년 제2회 추가경정예산안 제안 설명에 나서 “코로나19 피해계층을 지원하고 민생경제를 살리는데 중점을 두고 편성했다”라고 말했다. 또한, 도의회의 협조 속에 신속히 처리된 제1회 추경의 효과에 대해 김 지사는 “소상공인 신용카드 매출액, 제로페이 결제액 증가 추이 등을 볼 때 지역 경제회복의 마중물 역할을 하고 있다”라고 주장했다.경남도는 지난달 18일 포스트 코로나 위기 대응을 위해 제1회 추경예산 대비 8955억원 증가한 사상 최대의 10조8718억원 규모의 제2회 추경예산안을 도의회에 제출했다.김 지"
"129","경남도민신문",2020-06-01,"남해군 도시공간 조성 관련 현안사업 적극 추진","남해군이 소통하고 함께하는 군정 실현을 위해 도시공간 조성 관련 주요 현안사업에 대한 언론 브리핑을 갖고 도시건축과에서 추진 중인 주요 현안사업들을 소개했다.이날 김승겸 도시건축과장은 ▲스마트도시계획 수립 ▲중심시가지형 도시재생 뉴딜사업 추진 ▲생활SOC ‘꿈나눔센터’ 건립사업 추진 등 도시건축과에서 추진하고 있는 11개 주요 현안사업의 추진현황과 앞으로의 계획 등을 설명했다.김승겸 과장은 “남해군은 열악한 재정 여건을 보완하고 지역 현안사업 해결에 필요한 재원을 확보하기 위해 정부예산 편성에 발 빠르게 대처해 국비를 확보하는 노력"
"130","경남도민신문",2020-06-01,"훔칠 수 없는 엄마 손맛…양산 신기마을 특화상품으로","마을기업 ‘신기한 마을 고고씽 협동조합’ 된장·고추장으로 마을특화상품 개발 초읽기지난해 4월 국토교통부 주관 도시재생 뉴딜사업(유형 : 우리동네살리기)에 최종 선정된 신기1리 마을은 마을기업인 ‘신기한 마을 고고씽 협동조합’(이하 고고씽 협동조합)이 마을의 전통비법이 담긴 된장·고추장으로 마을특화상품을 개발 중이다. 이르면 올 하반기에 신"
"131","경남도민신문",2020-06-01,"사천시 도시재생뉴딜사업 공모신청 주민공청회 개최","사천시는 지난달 29일 동서금동행정복지센터에서 선구·동서금동 도시재생활성화계획 수립을 위한 공청회를 개최, 주민들의 다양한 의견을 수렴했다.시에 따르면 이번 공청회는 2020년 도시재생뉴딜사업 공모 신청을 위해 도시재생 주요사업 계획을 주민들에게 설명하고 관련법에 따라 지역주민과 전문가 등의 의견을 폭넓게 수렴하기 위해 마련됐다고 1일 밝혔다."
"132","경남도민신문",2020-06-01,"윤상기 하동군수, 생태·휴양섬 대도 현장 점검","윤상기 하동군수가 지난달 29일 아름답고 신비로운 생태·휴양섬 대도(大島)를 찾아 ‘어촌뉴딜300사업’, ‘도서종합개발사업’, ‘창조적마을만들기사업’등 주요 사업의 성공적 추진을 위한 현장점검에 나섰다.이날 현장점검에는 윤상기 군수를 비롯해 김한기 건설도시국장, 이광재 해양수산과장, 정재철 건설교통과장, 주요 사업 담당주사 등 20여명이 함께 했다."
"133","경남도민신문",2020-06-01,"거창군 2020년 첫 정례조회 개최","거창군은 주민과 공무원들이 참석한 가운데 2020년 첫 정례조회를 개최했다. 코로나19로 인해 올해 처음 개최된 정례조회는 다른 사람과 거리를 충분히 두고 마스크 착용, 발열체크와 손소독제 실시 등 ‘생활 속 사회적 거리두기’지침을 준수하며 실시됐다.구인모 거창군수는 이날 코로나19의 확산방지와 위기 극복을 위해 각자의 자리에서 최선을 다해준"
"134","경남도민신문",2020-05-31,"고성군-경남문화예술진흥원, 도시재생 활성화 업무협약","고성군은 지난달 28일 ‘경남문화예술진흥원(이하 진흥원)’과 도시재생 활성화를 위한 업무협약을 체결했다.이번 협약을 통해 고성군은 지역의 역사문화 정책 및 콘텐츠를 발굴·개발하고 다양한 분야에서 활용할 수 있도록 경남문화예술진흥원과 협력체계를 구축해 활용한다는 계획이다.그간 고성군과 고성군 도시재생지원센터는 도시재생 뉴딜사업 대상지에 대한 도"
"135","경남도민신문",2020-05-31,"창원시 주도항 어촌뉴딜300사업 생활SOC 우선 추진","창원시는 주도어촌계가 진동면 주도마을회관에서 지난해 어촌뉴딜300사업에 선정된 주도항 착공 안전기원제를 열었다고 29일 밝혔다. 주도항은 창원시 어촌뉴딜300사업 중 최초로 착공돼 그 의미가 크다.·주도어촌계(어촌계장 박영효)는 이날 아무런 사고 없이 사업을 마무리할 수 있도록 기원하는 안전기원제를 지내고, 주민의 화합을 다지는 마을주민 잔치를 가졌"
"136","경남도민신문",2020-05-31,"진주 성북지구 도시재생뉴딜사업 본격화","진주시는 지난달 30일 사업 구역 내에 범죄예방을 위한 보행안전 개선사업 착수를 시작으로 성북지구 도시재생 뉴딜사업의 본격적인 시동을 걸었다.성북지구 도시재생 뉴딜사업은 지난해 10월 국토부 도시재생 뉴딜사업 중심시가지형에 선정됐다. 이후‘나눔과 머뭄, 도심을 치유하다’라는 비전으로 진주성 주변 및 중앙지하도상가 등 구도심 일원에서 역사·문화 자산을 활용한 도시재생 사업을 추진해 원도심 활력 창출을 도모한다는 계획이다.이번 보행안전 개선사업은 성북지구 도시재생 세부 실행 사업의 첫 발을 내 딛는 사업이다. 이는 도시재생 사업 구역"
"137","경남도민신문",2020-05-31,"조규일 진주시장, 박대출·강민국 의원과 한 자리에","조규일 진주시장과 박대출·강민국 국회의원 당선인이 진주시의 당면 현안사업 추진을 위해 한자리에 모였다.진주시는 지난달 29일 시청 5층 상황실에서 박대출·강민국 국회의원 당선인을 초청해 조규일 진주시장과 부시장, 시 간부 공무원이 참석한 가운데 정책 간담회를 개최했다고 밝혔다.이날 간담회는 진주시가 민선7기 지역 주요 현안사업을 지역 국회의원에게 설명하고 서부경남 KTX 조기 착공 등 정부정책 반영과 내년도 국·도비 확보 방안 등을 협의하기 위해 마련되었다.조규일 시장과 박대출·강민국 국회의원은 시민을 위한 시정에 수시로 소통해 협"
"138","경남도민신문",2020-05-31,"국토부 스마트시티 공모에 경남 4곳 선정","경남도는 국토교통부에서 시행하는 ‘2020년 스마트 공모사업’에 김해·창원·사천·거제가 최종 선정되어 총 사업비 30억원을 확보했다고 밝혔다.‘스마트 시티 사업’은 민간·지자체·대학 등이 참여하여 지역별 특성에 맞는 스마트시티 솔루션을 발굴·확산함으로써 지역의 도시문제를 해결하기 위한 사업이다. 이번 공모사업은 전국 18개 사업 선정지 중 경남도가 4곳으로 전국에서 최다로 선정되는 성과를 거뒀다.김해시는 김해시 주촌면 골든루트산단을 대상으로 스마트 물류, 수요기반형 모빌리티, 스마트 헬스케어, 클라우드 기반 기업지원 플랫폼, 전기화"
"139","경남도민신문",2020-05-31,"경남도 생애주기별 맞춤형 평생교육체계 구축 나서","경남도가 29일 도청 중회의실에서 ‘경상남도 생애주기별 맞춤형 평생교육체계 구축 방안 연구 용역 착수보고회’를 개최했다.보고회는 통합교육추진단장을 비롯한 도의원, 경남도교육청과 시군 관계공무원, 경남도평생교육진흥원, 대학 평생교육원장 및 평생교육 관계자 등 20여 명이 참석한 가운데 진행됐다. 용역수행 기관인 대구대 산학협력단의 책임연구원의 제안 설명을 시작으로 참석자들의 자유로운 의견제시 등 토론의 시간이 이어졌다.이번에 착수하는 연구용역은 경남의 경제·사회적 특성과 도민의 평생교육에 대한 실질적 수요를 반영한 평생교육체계 마련을"
"140","경남도민신문",2020-05-31,"함양 인당 산삼청국장마을 마을기업 교류회 실시","함양군은 지난달 28일 인당마을 주민과 함께 휴천면 도리촌영농조합법인과 교류회를 실시했다. 이번 마을기업 교류회는 인당마을 주민과 주민협의체의 역량을 강화하고 주민 네트워크 구축을 위해 마련됐다.도리촌영농조합법인은 (예비)사회적기업으로 된장, 간장 등 슬로우푸드(전통발효식품)를 직접 만들어 지리산 청정지역에 보관하며, 개인별 숨 쉬는 장독을 분양하고"
"141","경남도민신문",2020-05-27,"고성군, 부서 간 칸막이 없애는 협업체계 구축 나서","경남 고성군(군수 백두현)이 포스트모더니즘 사회의 특징 중 하나인 ‘탈영역화(deterritorialization)’ 시험에 나서 귀추가 주목된다.고성군은 부서 간 칸막이를 없애고 효율적인 정책을 추진하기 위해 협업 활성화를 추진한다고 밝혔다.이는 행정환경의 다양화ㆍ복잡화에 따른 부서 간 협력을 통한 정책 추진 및 문제해결 필요성이 증대되고"
"142","경남도민신문",2020-05-27,"창원시, 전국 최초 ‘인공지능 조례’ 제정…AI도시 시동","창원시는 27일부터 ‘창원시 인공지능 산업육성 및 지원에 관한 조례’를 제정해 공포 시행한다고 밝혔다.국내에서 인공지능을 주된 내용으로 하는 조례를 제정하여 공포하는 지자체는 창원시가 처음이다.정부는 최근 ‘DNA+US’에 방점을 찍은 한국판 뉴딜 추진 방향을 공식 발표했다. 기존 정보통신기술(ICT) 정책을 강화하는 DNA(데이터·네트워크·인공지능(AI))와 코로나19 사태로 필요성이 부각된 US(언택트·디지털 사회간접자본(SOC))가 핵심이다.이러한 정부 정책의 변화와 비약적으로 발전하는 인공지능 기술의 잠재력에 주목한 창원시는"
"143","경남도민신문",2020-05-26,"거제시 ‘한려해상국립공원 구역조정’ 요청","거제시는 한려해상국립공원 구역조정 상설협의체와 함께 환경부의 제3차 국립공원계획 변경에 따라 선제적으로 대응하기 위해 추진하고 있는 한려해상국립공원 구역조정 검토용역의 결과보고서를 구역조정 타당성조사 추진기획단과 환경부를 방문해 전달했다고 밝혔다.지난 21일 구역조정 상설협의체의 진선도 회장과 김동수, 노재하 시의원을 비롯해 주민대표와 거제시 산림녹지과장 등 10여명은 추진기획단의 오민석 단장과 환경부의 강성구 자연공원과장을 만나 용역결과보고서를 전달하고 거제시의 요구사항을 재차 건의했다.이번 방문에서 협의체는 ▲한려해상국립공원 내"
"144","경남도민신문",2020-05-26,"멸종위기 상괭이와 고성군민 ‘공존의 바다’ 만든다","고성군은 27일 오후 2시 고성군 문화체육센터 공연장에서 웃는 돌고래 상괭이와 군민이 함께 웃을 수 있는 합리적인 상생방안 마련을 위해 해양생물 보전을 위한 ‘코리아 네트워크 허브구축 심포지엄’을 개최한다고 밝혔다.이번 심포지엄은 지난해 12월 31일 전국 최초로 상괭이 해양생물 보호구역의 합리적인 관리와 지속가능한 고성군의 지역경제 발전을 도모하기 위해 개최하게 됐으며 코로나 19 발생상황을 고려하여 해양수산부, 경남도, 마산지방해양수산청, 해양환경공단, 인근 지방자치단체, 유관기관, 어업인 및 지역주민 등 약 80여명 규모로 참"
"145","경남도민신문",2020-05-25,"진주시 정책자문교수단 ‘부강 진주’ 이끈다","진주시는 25일 오후 5시 시청 시민홀에서 진주 미래를 이끌 정책과제를 공유하고 시정 발전 방안 모색을 위한 정책자문교수단 정기회의를 개최했다.이날 회의는 조규일 진주시장, 정책자문교수단, 시 국소센터장 등 40여명이 참석한 가운데 위촉장 수여, 교수단 운영 설명·토의, 시정발전 방안 토론 등의 순으로 진행됐다.진주시 정책자문교수단은 일반행정·지역경제·문화관광 등 7개 분야 30명으로 구성되어 있다. 교수단은 분야별로 시의 소관 부서와 간담회를 통해 올해 정책 연구 과제를 선정하고 분석 연구한 후 하반기에 연구결과를 발표하는 등 정"
"146","경남도민신문",2020-05-25,"거제시 ‘지역기반 정책연계 창업지원사업’ 창업팀 선정","도시재생 뉴딜사업이 진행 중인 거제시 장승포동의‘장승포 마을관리 사회적협동조합’은 한국사회적기업진흥원에서 추진 중인 ‘지역기반 정책연계 창업지원사업’에 창업팀으로 선정되어 지난 7일 사업 협약을 체결했다.장승포 마을관리 사회적협동조합은 5월부터 12월까지 총 2500만원의 사업지원금을 분할 교부받아 사업을 진행할 예정이다.거제시 장승포동 도시"
"147","경남도민신문",2020-05-25,"거제시 능개마을 2020년 소규모재생사업 선정","거제시는 국토부에서 추진하는 ‘2020년도 주민제안 소규모 재생사업’에 능포동 능개마을이 최종 선정됐다고 밝혔다.소규모재생사업은 주민이 단기간(1~2년)내 완료 가능한 단위사업(3~4개 내외)을 발굴해 지자체가 신청하면, 국토부가 평가·심사를 거쳐 국비(1곳당 최대 2억원), 지방비(보조율 50%)를 지원하는 사업으로, 향 후 뉴딜사업을 원활히 추진"
"148","경남도민신문",2020-05-25,"고성군 ‘도시재생 전문가 자문단’ 위촉","고성군은 도시재생 활성화를 위해 ‘고성군 도시재생 전문가 자문단’을 위촉하고 자문회의를 개최했다고 21일 밝혔다.이날 군은 도시계획·건축·사회적경제·도시재생현장 등 각 분야의 도시재생 전문가 18명을 자문단으로 구성해 위촉장을 수여했다.이어 고성군은 2020년 도시재생 뉴딜사업 공모 추진 중인 송학고분군지구 현장답사와 실행계획(안)에 대한 자"
"149","경남도민신문",2020-05-25,"고성군 ‘2020년 소규모 재생사업’ 선정","고성군은 국토교통부 공모사업인 2020년 소규모 도시재생사업에 고성읍 무학마을의 ‘무학마을 소통·소가야 플랫폼 조성’ 사업이 최종 선정됐다고 21일 밝혔다.고성군은 이번 공모 선정을 통해 4억원(국비 2억원, 지방비 2억원)의 사업비를 확보했다.사업대상지로 선정된 무학마을은 송학동고분군(국가지정문화재) 일대로 문화재보호구역 및 현상변경 허가"
"150","경남도민신문",2020-05-25,"경남 산업경제 혁신사업 추진 가속화","경남도는 25일 경남도청에서 제16차 경제혁신추진위원회를 개최했다.이날 김경수 도지사는 2기 경남 산업경제 혁신사업 추진을 가속화하기 위해, 이찬우 한국개발연구원 글로벌경제실 초빙연구위원을 2대 경제혁신추진위원장으로 임명했다.이날 위원회는 코로나19로 인한 글로벌 가치사슬(GVC) 변화와 관련하여 지역 주력산업의 대응 방향에 대해서도 구체적으로 논의했다.현재 도내 주력산업인 자동차, 항공 등은 코로나19의 팬데믹으로 부품공급 차질과 수출이 감소하고 있다.관세청에 따르면 자동차 업계는 코로나19의 대 유행으로 중국, 미국, 캐나다,"
"151","경남도민신문",2020-05-25,"경남도, 공유경제로 경남형 뉴딜 추진한다","경남도는 민간의 공유 활동을 촉진하고 공유경제 활성화를 위한 ‘공유 단체·기업 지정 및 활성화 지원사업’을 추진한다고 밝혔다.올해 처음 시행하는 이번 사업은 공유경제 활동을 통해 사회문제를 해결하는 단체와 기업을 심사해, 경남도 공유단체(기업)로 3년간 지정하여 ‘활성화 지원 사업 신청 자격 부여, 공유경제 사업 홍보, 향후 공유경제 사업 시 인센티브 부여’등의 혜택을 지원한다.특히 도에서 중점 추진하는 그린뉴딜, 사회적 뉴딜 등 경남형 뉴딜사업과 접목하기 위해 환경·사회적 문제 해결에 기여하는 단체와 기업을 적극 지원할 계획이다."
"152","경남도민신문",2020-05-24,"양산시, 국토부 ‘2020년 소규모 재생사업’ 선정","양산시는 국토교통부 주관 소규모 도시재생사업 공모에서 소주동 주남마을의‘청춘과 함께, 동행해 주남’이 최종 선정됐다고 21일 밝혔다.사업대상지로 선정된 주남마을은 인근 공단으로 둘러싸여 주민의 생활환경이 열악한 지역으로 재생이 시급한 지역이다.‘소규모 재생사업’은 지역 공동체가 추진하는 소규모 점단위 재생사업을 지원해 주민참여 확대 및 역량"
"153","경남도민신문",2020-05-24,"거제시, 어촌뉴딜300사업에 박차 가하다","거제시는 지난해 선정된 2020년 어촌뉴딜300사업 대상지에 대해 5월 18일에서 19일까지 이틀간 현장자문을 실시했다고 밝혔다.이번 현장자문에는 수산, 어촌, 관광, 레저, 어항, 경관, 공동체 활성화 등 분야별 전문가로 구성된 해양수산부 자문단과 지역주민, 용역사, 경상남도 및 거제시 담당 공무원, 한국어촌어항공단, 한국농어촌공사 관계자가 참여했"
"154","경남도민신문",2020-05-24,"경남도, 소규모 도시재생사업 정부공모 역대최다 9개소 선정","경남도는 국토교통부 주관 ‘2020년 소규모 재생사업’ 공모에 9곳이 최종 선정되어 16억 1천만원의 국비를 확보했다고 21일 밝혔다.‘소규모 재생사업’은 지역 주민이 주도적으로 도시재생사업에 참여하도록 함으로써 지역주민의 참여경험을 축적해 도시재생 뉴딜사업의 기초를 준비하는 사업이다.올해 전국 75곳의 사업 선정지 중 경남도가 9곳으로 18년 7건, 19년 6건에 이어 역대 최대 성과를 달성했다.지역향수가 깃든 갈대샘을 중심으로 휴식공간을 조성하는 △사천시 ‘삼천포의 역사 숨터, 갈대새미 공유마당 회복’(4억), 원예 주민조직 육"
"155","경남도민신문",2020-05-24,"합천읍 도시재생 활성화계획 수립 위한 주민공청회·토론회","합천군은 지난 2청사 회의실에서 도시재생 전문가와 주민 50여명이 참석한 가운데, 합천읍 도시재생 활성화계획 수립을 위한 ‘주민공청회 및 토론회’를 개최했다.공청회는 합천읍 도시재생 활성화 계획(안) 설명, 전문가 토론, 주민 의견청취 및 질의응답 순으로 진행 되었다.특히 이날 공청회에서는 합천읍 도시재생 활성화계획(안)에 대한 사업 추진 내용과 계획 설명에 이어, 경상대학교 안정근 교수 외 3명의 전문가가 참여 하여 합천읍 도시재생사업 계획에 대한 타당성 및 개선사항 등 심도 있는 토론을 진행했다.군은 공청회에서 제시한 주민과 전"
"156","경남도민신문",2020-05-24,"거창군 국토부‘소규모 도시 재생사업’ 선정","거창군(군수 구인모)은 국토교통부가 주관한 2020년 도시재생 뉴딜 ‘소규모 재생사업’에 죽전마을의 공유! 자생! ‘죽전만당 공작소’ 프로젝트 사업이 최종 선정됐다고 지난 22일 밝혔다.본 사업은 주민과 지자체가 협력하여 지역 내 소규모 도시재생 사업을 직접 발굴하고 추진해 보는 경험을 축적함으로써 향후 뉴딜사업을 원활히 추진할 수 있는 역량을 키워"
"157","경남도민신문",2020-05-24,"사천시 주민제안 소규모 도시재생사업 선정","사천시가 국토교통부가 주관한 2020년 주민제안 소규모 재생사업 공모에 선구동 지역이 선정, 올해 신청 예정인 도시재생뉴딜사업 공모 추진에도 탄력을 받을 전망이다.‘소규모 재생사업’은 지역 주민이 자발적으로 계획을 수립하고 직접 참여하는 사업으로, 선구동과 동서금동 도시재생주민협의체에서 제안하고 계획, 지난 3월 신청, 지난 21일 선정됐다."
"158","경남도민신문",2020-05-21,"김경수 지사 “등교수업 시작, 학교 방역에 최선”","김경수 경남도지사가 고3 등교수업 시작과 관련 “학교에서, 우리 아이들을 통해 코로나가 확산되는 일은 반드시 막아야 한다”고 강조했다.김 지사는 21일 오전 도청 신관 중회의실에서 진행된 간부회의에서 “교육청과 협력해서 교육 현장의 방역과 관련된 부분은 도가 할 수 있는 최대치, 최선을 다해 지원하고 공동대응해야 한다”며 이같이 말했다.이날 회의 직전, 이달 초 서울 신촌 소재 클럽을 방문한 경남121번 확진자가 발생한 가운데 김 지사는 “코로나 대응은 끝날 때까지 끝난 것이 아니다”며 “간헐적으로 확진자가 발생하는 것은 불가피하지"
"159","경남도민신문",2020-05-21,"가야역사 복원, 영호남 동서화합 첫 디딤돌 놓다","경남도는 경남도 가야사 연구복원 및 활용사업의 법적 근거인 ‘역사문화권 정비 등에 관한 특별법안’이 지난 20일 열린 국회 본회의에서 통과 됐다고 밝혔다.경남도는 그동안의 노력으로 가야사의 온전한 재조명과 가치회복으로 도민이 체감하는 가야문화유산 향유기반을 조성하고 영호남 지역사회 통합의 계기를 마련하였다.◆추진배경 및 경과2017년 ‘가야문화권 조사연구 및 정비’ 사업이 국정과제로 선정된 이후 가야문화권의 체계적이고 종합적인 정비·활용을 통한 가야문화유산의 가치 규명 필요성이 대두됨에 따라, 경남도는 ‘가야문화권 특별법 제정’을"
"160","경남도민신문",2020-05-21,"함양군도시재생센터-청년봉사단체 업무협약","함양군 도시재생지원센터(센터장 손재현)는 지난 20일 청년봉사단체 ‘행복한 한끼(회장 정상명)’와 도시재생뉴딜사업 활성화를 위한 업무협약을 체결하고 코로나19로 어려움을 겪고 있는 지리산 함양시장 상인들을 만나 후원물품을 전달했다. 봉사단체 ‘행복한 한끼’는 지난 2018년 12월부터 현재까지 매월 1~2회가량 마을 어르신을 찾아다니며 ‘행복한 한끼"
"161","경남도민신문",2020-05-19,"정혜란 창원 제2부시장 ‘도시재생뉴딜사업’ 현장 방문","정혜란 창원시 제2부시장은 19일 오후 ‘행복의창’, ‘소계지구’ 등 도시재생 뉴딜사업 현장5곳을 방문해 사업진행 상황 등을 점검했다.정 제2부시장은 지난 3월 말 도시재생 뉴딜사업 현장방문 후 두 번째 방문으로, ‘행복의창’, 소계, 합성1지구 등의 도시재생 뉴딜사업 현장 등을 차례로 방문하여 사업의 진척도 및 문제점 등을 꼼꼼히 점검했으며, 도시"
"162","경남도민신문",2020-05-19,"정혜란 창원 제2부시장 ‘도시재생뉴딜사업’ 현장 방문","정혜란 창원시 제2부시장은 19일 오후 ‘행복의창’, ‘소계지구’ 등 도시재생 뉴딜사업 현장5곳을 방문해 사업진행 상황 등을 점검했다.정 제2부시장은 지난 3월 말 도시재생 뉴딜사업 현장방문 후 두 번째 방문으로, ‘행복의창’, 소계, 합성1지구 등의 도시재생 뉴딜사업 현장 등을 차례로 방문하여 사업의 진척도 및 문제점 등을 꼼꼼히 점검했으며, 도시"
"163","경남도민신문",2020-05-19,"경남형 디지털 뉴딜 프로젝트 첫발 내딛다","경남도가 국토교통부 시행하는 ‘20년 생활밀착형 도시재생 스마트기술 지원사업’에 김해시의 ‘포용과 화합의 무계’ 와 남해군 ‘보물섬 남해 오시다’의 2개의 도시재생 뉴딜사업지가 공모에 최종 선정되어, 각 5억원의 국비를 지원받아 총 16억원의 스마트 기술 사업을 추진하게 됐다.국토교통부에서 올해부터 시행되는 신규 사업인 ‘생활밀착형 도시재생 스마트기술 지원사업’은 도시재생뉴딜사업지역의 정주여건과 주민편의를 증진 할 수 있도록 주민체감도가 높고 상용화가 쉬운 스마트 기술을 적용해 인프라(infra)가 부족한 취약지역의 문제를 해결하고"
"164","경남도민신문",2020-05-19,"하동 광평마을신문‘광평나루터’첫 발간","하동군도시재생지원센터(센터장 김미경)는 하동군 도시재생 뉴딜사업의 주민역량 강화 첫 성과물인 광평마을신문 ‘광평나루터’를 발간했다고 19일 밝혔다.‘광평나루터’는 예전 섬진강을 사이에 두고 경상도와 전라도를 연결하는 나루터가 있던 광평마을의 역사를 반영한 이름으로, 활기찬 마을로의 변화를 꿈꾸는 주민들의 소식을 담아 계절호로 정기 발행될 예정이다.A3 크기의 4면으로 제작된 이번 창간호에는 ‘건강하고 넉넉한 하동라이프’를 모토로 한 광평마을 도시재생 뉴딜사업 추진상황, 주민 및 마을공동체 활동 등의 정보와 더불어 마을의 소소한 이야"
"165","경남도민신문",2020-05-17,"칼럼-현대인들의 녹색결핍을 위하여 그린뉴딜 정책","이화엽/도서출판 곰단지 대표-현대인들의 녹색결핍을 위하여 그린뉴딜 정책 요즘 텔레비전을 보면 도시에서 유명세를 치루며 살아가던 연예인이나 은퇴를 하는 이들이 전원생활을 꿈꾸며 시골로 떠나거나 자연 속으로 유유자적하는 소식이 심심찮게 떠다니고 있다. 이유는 자연만큼 사람을 건전하고 풍요롭게 하는"
"166","경남도민신문",2020-05-17,"사설-경남 새 경제사령탑에 바란다","김경수 도지사가 민선7기 반환점을 앞두고 경제사령탑을 새로 선임했다. 경제혁신추진위원장에는 이찬우 전 기획재정부 차관보를, 경제부지사에는 박종원 산업부 중견기업정책관을 내정했다. 이찬우 위원장과 박종원 부지사는 전임자에 비해 각 4살이 젊고 실무지향적 성격이 강해 포스트 코로나19 이후의 경제비전을 수립하고 도민이 체감하는 경제성과를 내는데 속도를 낼 것으"
"167","경남도민신문",2020-05-14,"경남도 신임 경제부지사·경제혁신추진위원장 선임","김경수 지사가 민선7기 반환점을 앞두고 경제사령탑을 새로 선임했다.방문규 전 기획재정부 차관이 맡고 있다가 지난해 10월 한국수출입은행장으로 가면서 비어있던 경제혁신추진위원장에는 이찬우 전 기획재정부 차관보(현 한국개발연구원 초빙연구위원)를, 문승욱 전 산업통상자원부 산업혁신성장실장이 맡고 있다 지난 9일 국무조정실 국무2차장으로 영전하면서 공석이 된 경제부지사에는 박종원 산업부 중견기업정책관을 내정했다.현재 박 내정자에 대한 임명 절차를 진행 중이며 다음 주 말경에는 임용 절차가 마무리될 것으로 예상된다. 경제혁신추진위원장은 도지"
"168","경남도민신문",2020-05-14,"김경수 “경남형 뉴딜은 디지털·그린·사회적 뉴딜”","김경수 경남도지사가 경남형 뉴딜의 방향에 대해 “디지털(스마트), 그린, 사회적 뉴딜”이라고 말했다.김 지사는 14일 오전 도청 신관 중회의실에서 진행된 간부회의에서 “현재 정부가 밝힌 디지털 뉴딜과 그린 뉴딜을 과감하게 추진하는 한편 교육특별도 인재양성, 일종의 휴먼 뉴딜, 사회적 뉴딜을 결합해야 한다”며 이같이 밝혔다.또한 “경남 차원에서 보자면 디지털 그린 뉴딜은 우리가 추진해왔던 스마트산단을 중심으로 한 제조업 혁신과 직접 연관돼 있고, 빅데이터 활용, 빅데이터 행정과도 관련 있다”며 “첨단산업을 유치하는 과정에서 인재 양성"
"169","경남도민신문",2020-05-14,"경남 무인선박, 바다로 나아갈 준비","경남도는 14일 세계 무인선박 시장선점을 위해 추진 중인 ‘무인선박 규제자유특구’ 실증사업의 본격적 착수를 앞두고 준비상황을 점검했다.‘무인선박 규제자유특구’는 경남도와 LIG넥스원㈜과 선박해양플랜트연구소 등 특구사업자가 무인선박 기술개발과 새로운 시장 창출을 목표로 규제(‘선박직원법 제11조제1항’선박에 선박직원의 탑승 의무)를 해소하기 위해 추진되어, 지난해 11월 중기부로부터 특구로 지정받았다.이날 행사는 경남도, 창원시, 경남테크노파크, 15개 특구사업자, 경남지방중소기업청 등 유관기관이 참석한 가운데 마산합포구 진동면 일원"
"170","경남도민신문",2020-05-14,"사천시 선구·동서금동 도시재생대학 개강","사천시는 2020년 도시재생뉴딜 공모 추진을 위해 다가오는 19일부터 6월 4일까지 사천시 박재삼문학관에서 30명의 선구·동서금동 주민들의 참여 속에 도시재생대학을 개강한다고 밝혔다.개강을 앞둔 선구·동서금동 도시재생대학에서는 도시재생사업의 전반적인 이해와 관련규정을 설명하고, 재생사업 발굴과 노하우를 공유하는 시간도 가질 것이다. 또한 강의와 함께"
"171","경남도민신문",2020-05-13,"창원시 스마트산단 추진 성과·추진계획 보고회 개최","창원시는 13일 경남창원스마트산단사업단 박민원 단장으로부터 스마트산단의 추진성과 및 향후 추진계획 보고회를 가졌다고 밝혔다.경남창원스마트산단사업단은 그간 제조업에 ICT 융합을 실현하기 위한 ICT 대기업 유치와 표준제조혁신공정모듈, 스마트보급 확산, 스마트제조인력 양성 등 제조혁신 기반을 마련한 성과를 이뤘다.지난해 11월 삼성SDS 네트워크 인프라사업부와 물류사업부의 창원 이전이 확정됐고, 다쏘시스템의 경남본부 설치 협약도 마쳤다. 글로벌 ICT기업인 지멘스 등 유치 협약 체결도 앞두고 있다.사업단은 2020년 핵심 사업으로 혁"
"172","경남도민신문",2020-05-13,"진주시 ‘디지털 뉴딜사업 시범도시’ 구축한다","진주시가 정부의 ‘국가인프라 지능정보화 공모사업’에 2년 연속 선정돼 13일 착수 보고회를 개최하고 본격적인 국가시범 첨단 지능정보 사업 추진에 들어갔다.국가인프라 지능정보화 공모사업은 과학기술정보통신부가 주관하고 한국정보화 진흥원에서 수행하는 사업으로 도시의 주요 인프라에 지능 정보기술을 적용하는 국가 시범사업이다.이 사업은 현 정부 경제활성화 대책의 핵심인 한국형 디지털 뉴딜 사업의 시범도시 형태로 추진되며 국가 주요 인프라(SOC, 환경, 교통, 안전, 에너지 등)에 지능정보기술을 적용해 혁신 서비스 모델을 개발하는 사업이다."
"173","경남도민신문",2020-05-13,"경남도, 코로나 이후 지역공동체적 해법 모색","경남도가 코로나 이후 지역공동체적 해법 모색에 나섰다.경남도는 13일 오후 도청 잔디광장 산책로에서 ‘포스트 코로나 대응 사회혁신 토론회-우리는 무엇을 어떻게 해야 하는가’를 개최했다.이번 토론회는 코로나19로 인한 변화에 대응하기 위해 중앙정부와 지방정부, 시민사회, 학계에서 다양한 정책수립을 위한 토론이 본격화되고 있는 상황에서 포스트 코로나 시대에 경남 지역공동체가 고민해야 할 사안을 논의하고, 사회혁신의 과제를 도출하기 위해 마련됐다.토론회는 임동근 전 서울대 지리학과 교수, 유창복 미래자치분권연구소장(전 서울시 마을공동체종"
"174","경남도민신문",2020-05-13,"합천군 도시재생 뉴딜사업 추진 위한 실무회의 개최","합천군은 지난 12일 군청 소회의실에서 초계면 도시재생 뉴딜사업 추진을 위하여 도시재생과 관련이 있는 10개부서, 실무자 20명이 참석한 가운데 행정협의회 실무회의를 개최했다고 밝혔다.행정협의회는 도시재생 활성화계획 수립을 위한 합천군 자체 협의기구이며, 도시재생 활성화계획의 타당성 및 실효성을 검증하여 사업추진시 실질적인 효과를 높이기 위함이 목적이다.이날 회의에서 합천읍 도시재생 활성화계획 청년일자리혁신센터 이용객 주차편익 제공과 인근 주차난 해소를 위하여 건물 지하주차장 확충방안 등 다양한 의견이 논의됐다.군 관계자는 “부서의"
"175","경남도민신문",2020-05-11,"남해군 2020년도 1차 추경예산 5796억원 편성","남해군이 코로나19에 따른 군민들의 안정과 지역경제 활성화를 중점으로 하는 추가경정예산안을 편성하고 11일 개회한 제241회 남해군의회 임시회 제1차 본회의에 제출했다.이번 추경예산안의 규모는 5796억원으로 당초예산보다 329억원이 증가했다.세부적으로는 코로나19와 관련한 긴급재난지원에 126억원, 저소득층 한시생활지원에 16억원, 아동양육 한시지원에 3억9000만원, 남해화폐 화전 발행에 8억5000만원, 소상공인 환경개선 및 다중이용시설 지원에 2억2000만원, 음압구급차 구입에 2억원, 하반기 유행에 대비한 마스크 구입 등에"
"176","경남도민신문",2020-05-11,"사설-진주 성북지구 뉴딜사업에 거는 기대","진주 원도심은 시청 이전 후 공동화가 급격하게 진행되면서 빈 점포가 곳곳에서 눈에 띈다. 시 외곽지역에 대규모 아파트가 신축되는데다 충무공동 지역에 혁신도시가 건립되면서 성북지구를 비롯한 진주 원도심의 공동화는 날이 갈수록 심화되고 있는 양상이다. 원도심은 인구 감소와 함께 상권붕괴가 급격하게 일어나면서 빈 건물이 늘어나고 있다. 그러다보니 한때 시의 중심"
"177","경남도민신문",2020-05-10,"창원진동미더덕 대한민국 대표 브랜드 대상 기념식 개최","창원시는 지난 8일 마산합포구 진동면 고현마을 미더덕영어조합법인에서 창원진동미더덕의 2020 대한민국 대표 브랜드 대상 수상 기념식을 개최했다고 밝혔다. 이날 허성무 시장, 김장하 시 의회부의장, 도ㆍ시의원, 지역수협장, 수산업관련 단체장, 미더덕영어조합법인 대표를 비롯해 전임 대표들과 어업인들 30여명이 참석했다. 기념식의 마지막에는 박터트리기 퍼"
"178","경남도민신문",2020-05-10,"진주시 성북지구 도시재생 뉴딜사업 본격화","진주시는 지난 8일 오후 3시 조규일 시장과 관계자가 참석한 가운데 성북지구 도시재생 뉴딜사업 추진에 있어 주민과 행정의 가교 역할을 할 도시재생 현장지원센터 개소식을 개최했다고 밝혔다.성북지구 도시재생 현장지원센터는 옛 본성동사무소(진주시 비봉로 2) 건물 1층이며 성북지구의 뉴딜사업 현장 내에 있어 주민들과 소통할 수 있는 최적의 장소가 될 것으로 보이며 도시재생 전문가인 코디네이터 4명이 근무하게 된다.현장지원센터는 도시재생사업 시행을 위한 사업지원, 주민역량강화 프로그램운영, 주민의견 수렴 등 도시재생사업의 성공적인 추진을"
"179","경남도민신문",2020-05-10,"문 대통령 '세계 선도국가' 국정 목표 제시","문재인 대통령이 10일 취임 3주년을 맞아 남은 임기 2년을 관통하는 국정운영의 목표를 제시했다.세계를 강타한 신종 코로나바이러스(코로나19) 사태의 충격을 극복하는 것에서 더 나아가 ‘포스트코로나’ 세계질서 재편 과정에서 ‘선도국가’로서 자리매김을 하겠다는 것이 문 대통령의 구상이다.문 대통령은 이날 오전 청와대 춘추관에서 진행한 ‘취임 3주년 특별연설’에서 “지금의 위기를 기회와 발전의 원동력으로 삼겠다”며 “우리의 목표는 ‘세계 속의 대한민국’을 넘어, ‘세계를 선도하는 대한민국’이다. 우리가 염원했던 새로운 대한민국”이라고"
"180","경남도민신문",2020-05-07,"경남 항공제조업 생존 비상대책위 출범","사천시 등 서부 경남지역 항공산업 관련 지자체와 업체 관계자로 구성된 ‘항공제조업 생존을 위한 비상대책위원회 구성 추진단(가칭)’이 7일 발대식을 갖고 출범했다.비상대책위원회는 신종코로나 바이러스 감염증(코로나19) 장기화에 따른 운영 위기를 타개하고자 결성됐다.추진단(황태부 단장)은 코로나19 사태로 인한 항공산업 관련 중소·중견기업의 위기에 대한 정부 지자체 차원의 비상대책 추진 촉구를 위해 비상대책위원회 발대식을 이날 오후 3시 사천시 근로자종합복지관에서 개최했다.코로나19의 세계적인 장기화로 인한 항공기 제작 물량 감소 여파"
"181","경남도민신문",2020-05-07,"경남도, 21년 국비 6조원 시대 어촌뉴딜사업이 앞장선다","경남도가 7일 해양수산부의 ‘2021년도 어촌뉴딜300사업 대상지 선정을 위한 공모계획 공고’에 따라 본격적인 공모에 착수했으며, 이에 내년 국비 6조원 돌파에 어촌뉴딜300사업이 앞장설 것으로 기대하고 있다.‘어촌뉴딜300사업’은 국민생활 3만 달러 시대에 걸맞게 해양수산부에서 300개의 어촌과 어항의 현대화를 통한 해양관광 활성화와 어촌의 혁신성장을 견인하기 위해 전국의 300개 어촌·어항을 대상으로 추진하는 뉴딜사업이다.코로나19 영향 등으로 올해는 전국 50개소 내외 선정으로 19년 70개소, 20년 120개소에 비해 공모"
"182","경남신문",2020-07-26,"김경수 지사 “균형발전 돼야 성공한 뉴딜”","여당이 행정수도, 공공기관 추가 이전 등을 공론화하며 균형발전 정책에 힘을 싣고 있는 가운데 김경수 경남지사가 '뉴딜정책을 성공하려면 균형발전의 관점에서 추진돼야 한다'고 강조했다"
"183","경남신문",2020-07-23,"대혁신·대도약 ‘창원형 뉴딜 프로젝트’ 시동","창원시가 대혁신·대도약을 실현할 ‘창원형 뉴딜 프로젝트’를 본격 추진한다. 시는 ‘창원형 뉴딜’을 경기회복과 포스트 코로나 시대를 개척할 신성장동력으로 삼고, 한국판 뉴딜 정책에"
"184","경남신문",2020-07-22,"하동, ‘정부 뉴딜’ 발맞춰 ‘알프스 뉴딜’ 발굴","지난 20일 하동군청에서 ALPS하동 뉴딜 보고회가 열리고 있다./하동군/ 하동군이 정부의 ‘한국판 뉴딜’ 종합계획과 관련, 36건의 ‘ALPS(알프스·All Living and"
"185","경남신문",2020-07-21,"“한국판 뉴딜, 지역경제 회복 발판”","문재인 대통령은 21일 “한국판 뉴딜은 수도권 중심에서 지역 중심으로 국가발전의 축을 이동시키겠다는 의지를 담고 있다”고 밝혔다. 특히 “한국판뉴딜에서 국고로 투입되는 114조원이"
"186","경남신문",2020-07-21,"도, 경남형 어촌뉴딜사업 플랫폼 구축","경남도는 경남형 어촌뉴딜사업 기반 조성과 앞으로 진행할 사업 공간을 지속적으로 확보하기 위해 관련 부서가 참여하는 협업 플랫폼을 구성, 함께 사업을 추진한다.경남도는 찾고 싶고,"
"187","경남신문",2020-07-19,"두산중공업 해상풍력 날개 달았다","두산중공업이 신성장 동력으로 추진 중인 해상풍력 사업부문에서 본격적인 시장 공략에 나선다. 두산중공업은 지난 2005년부터 풍력기술 개발에 매진해 순수 자체 기술과 실적을 확보한"
"188","경남신문",2020-07-16,"경남형 그린뉴딜 아이디어 공모","경남형 뉴딜을 민선 7기 후반기 도정 중요 과제로 꼽은 경남도가 전국민을 대상으로 오는 24일까지 그린뉴딜 사업 아이디어를 공개모집한다. 제출된 아이디어로 경연대회를 열고 수상작을"
"189","경남신문",2020-07-15,"한국판 뉴딜… 경남형 뉴딜에 힘 실을까","대한민국 대전환을 위한 ‘한국판 뉴딜사업’에 오는 2025년까지 160조원을 투입하겠다는 정부 계획이 발표되자 앞서 다양한 신성장동력 마련에 힘써온 경남도는 기대감을 드러내고 있다"
"190","경남신문",2020-07-14,"경남형 뉴딜 등 핵심사업에 1850억원 추경","경남도는 코로나19로 인한 경제위기 극복을 위한 공공일자리 사업과 도민 안전 강화사업, 경남형 뉴딜사업 추진에 필요한 예산 등 1850억원을 편성한 올해 세 번째 추가경정예산안을"
"191","경남신문",2020-07-14,"문 대통령 “2025년까지 160조 투자해 일자리 190만개 만들겠다”","문재인 대통령은 14일 2025년까지 국고 114조원, 민간과 지자체까지 약 160조원을 투입해 일자리 190만개를 만들겠다고 밝혔다. 문 대통령은 이날 청와대에서 열린 한국판 뉴"
"192","경남신문",2020-07-14,"문대통령 “한국판 뉴딜은 대한민국 대전환 선언”","문재인 대통령은 14일 ""한국판 뉴딜은 선도국가로 도약하는 대한민국 대전환 선언""이라고 밝혔다. 문 대통령은 이날 청와대에서 국민보고대회를 열어 한국판 뉴딜의 구상과 계획을 발표했"
"193","경남신문",2020-07-14,"한국판 뉴딜에 2025년까지 160조 투자…일자리 190만개 창출","정부가 한국판 뉴딜에 2025년까지 총 160조원을 투자해 일자리 190만개를 만든다는 구상을 담은 한국판 뉴딜 종합계획을 발표했다. 홍남기 부총리 겸 기획재정부 장관은 문재인 대"
"194","경남신문",2020-07-13,"진주시, ‘스마트 도시’ 선두주자로 나선다","진주시 교통·방범통제센터./진주시/ 진주시가 인공지능, 빅데이터 기반의 미래 도시 기틀 마련 등 다양한 첨단 서비스로 스마트 도시 선두주자로 떠오르고 있다.시는 정부가 데이터·5G"
"195","경남신문",2020-07-11,"베일 벗는 한국판 '뉴딜'…한은, 기준금리 더 낮출까","다음 주 정부는 신종 코로나바이러스 감염증(코로나19) 이후 경기 회복을 위한 국가 프로젝트, 이른바 '한국판 뉴딜' 종합계획을 발표한다.16일 열리는 금융통화위원회(금통위)가 경"
"196","경남신문",2020-07-09,"경남대 옆 ‘월영동 5만여㎡’ 주거환경개선사업 선정","창원시는 마산합포구 문화지구 도시재생 뉴딜사업지역 내 월영동 부지(5만7144㎡)가 국토교통부와 한국토지주택공사(LH)의 주거환경개선사업 대상지역 공모에 선정됐다고 9일 밝혔다."
"197","경남신문",2020-07-06,"경남도 정기인사… 3대 뉴딜·3대 정책 초점","경남도가 실국장·부단체장 등에 대한 인사에 이어 5급이하 실무 공무원 정기인사를 발표했다. 특히 이번 인사는 후반기 도정 핵심인 3대 뉴딜(스마트·그린·사회적), 3대 핵심정책(청"
"198","경남신문",2020-07-05,"김경수 지사 ‘김해신공항 반대’ 6일 민주당에 뜻 전한다","더불어민주당이 6일 국회에서 경남도, 부산·울산시와 내년도 국비 확보와 지역 현안사업 등을 논의하는 예산정책협의회를 열 예정인 가운데 김해신공항 건설(김해공항 확장) 반대와 이에"
"199","경남신문",2020-07-02,"[민선7기 2주년] 구인모 거창군수 “거창 도약과 군민 행복 위해 전력질주할 것”","구인모 거창군수가 취임 2주년 맞아 기자간담회를 하고 있다./거창군/ 구인모 군수는 29일 군청 상황실에서 취임 2주년을 맞아 전반기 2년간의 성과와 후반기 2년간 비전을 밝혔다."
"200","경남신문",2020-06-28,"창원시 도시재생지원센터, 경남햇빛발전협동조합과 협력체계 구축","도시재생지원센터, 경남햇빛발전협동조합 협력 창원시 도시재생지원센터와 경남햇빛발전협동조합이 지난 26일 그린뉴딜 도시재생사업 추진을 위해 업무협약을 체결했다. 양 기관은 이번 협약을"
"201","경남신문",2020-06-24,"[김경수 지사 취임 2주년 성과와 과제] 예산 10조원 시대 개막·3대 국책사업 유치 등 쾌거","오는 7월 1일로 취임한 지 2주년을 맞는 김경수 경남지사는 전반기 도정 성과로 예산 10조원 시대 개막, 숙원인 국책사업 유치, 코로나19 위기대응 등을 꼽았다. 도민이 안전하고"
"202","경남신문",2020-06-24,"김경수 지사 재선 도전 선언?","김경수 경남지사는 24일 취임 2주년을 맞아 “지난 2년이 도정 혁신을 위한 법령 마련, 제도 개선 등 기반을 마련했다면 앞으로 2년은 도민을 고객으로 여기고 안전하고 행복한 경남"
"203","경남신문",2020-06-16,"민주당, 오늘 경남서 코로나 극복 간담회","더불어민주당 코로나19 국난극복위원회(이하 국난극복위)는 16일 오후 2시 경남도청에서 영남권 지역간담회를 개최한다. 민주당 코로나19 국난극복위는 영남권의 코로나19 위기대응 상"
"204","경남신문",2020-06-15,"경남도, 디지털 주도권 확보 ‘큰 그림’","경남도는 국내 대표적인 IT기업 NHN㈜의 김해 유치를 계기로 경남형 스마트(디지털) 뉴딜을 추진할 신성장 동력원을 확보할 계획이라고 14일 밝혔다. 경남도와 NHN㈜, HDC현대"
"205","경남신문",2020-06-12,"경남도, 정부 도시재생뉴딜사업 공모 시작","경남도가 국토교통부로 부터 배정받은 도시재생 뉴딜사업 국비 총 예산 400억원을 두고 도내 18개 시·군을 대상으로 7~10월 광역 공모사업을 추진한다. 도에 따르면 도시재생뉴딜사"
"206","경남신문",2020-06-07,"김경수 지사 “에너지 정책 전환해 기후위기 적극 대처”","김경수 경남지사가 에너지 전환 정책과 에너지 다소비형 산업구조 개편을 통해 경남형 그린뉴딜을 추진함으로써 기후위기에 적극 대처해 나가겠다고 밝혔다. 김경수 지사는 5일 도청에서 열"
"207","경남신문",2020-06-07,"[사설] 경남형 그린뉴딜, 경제성 무시하면 안돼","경남형 뉴딜의 3대 과제로 그린·디지털·사회적 뉴딜이 제시된 후 그린뉴딜의 개념이 모호하다는 지적이 많았다. 그린뉴딜이 경제에 중점을 둔 것인지, 기후변화에 대처하기 위한 재생에너"
"208","경남신문",2020-06-01,"어촌뉴딜300 ‘주도항’ 착공 안전기원제 열려","창원시 마산합포구 진동면 주도어촌계는 지난 29일 진동면 주도마을회관에서 지난해 어촌뉴딜300사업에 선정된 주도항 착공 안전기원제를 열었다. 주도항 어촌뉴딜300사업은 총사업비 1"
"209","경남신문",2020-05-28,"거제 산전·예구·저구, 관광특화항 개발","거제의 산전항과 예구항, 저구항이 내년까지 304억원을 투입돼 관광특화 항구로 개발된다.거제시와 한국어촌어항공단은 산전항, 예구항, 저구항 3개 항구를 관광 특화 항구로 개발하는"
"210","경남신문",2020-05-27,"“주민이 원하는 어촌·어항 만들 것”","한국어촌어항공단 동남해지사(지사장 강현상)는 코로나19 여파에도 성공적인 어촌뉴딜사업 진행을 위해 지자체 및 지역협의체와의 현장소통 행보를 강화하고 있다.지난해부터 전국적으로 어촌"
"211","경남신문",2020-05-25,"“소재·부품·장비산업 고도화 시급”","경남도의 경제산업 정책 컨트롤타워인 경제혁신추진위원회는 경남이 코로나19 이후를 준비하려면 소재·부품·장비 분야 글로벌 가치사슬(GVC) 참여와 기업의 국내 복귀(리쇼어링·resh"
"212","경남신문",2020-05-21,"김경수 지사 “코로나 끝날 때까지 끝난 것 아냐”","20일 고3 학생들의 등교 수업이 시작된 후 인천, 대구 등에서 학생이 코로나19 확진 판정을 받아 등교가 미뤄지고 학교가 폐쇄된 가운데 김경수 경남지사는 “학교에서 아이들을 통해"
"213","경남신문",2020-05-17,"[동서남북] ‘울산형 뉴딜’로 코로나19 불황 극복한다- 지광하(울산본부장·부국장)","울산시가 신종 코로나바이러스 감염증(코로나19) 위기 극복을 위한 ‘울산형 뉴딜사업’을 추진한다. 코로나19 여파로 급감하고 있는 일자리를 만들고, 경색된 자금 흐름도 원활히 하겠"
"214","경남신문",2020-05-14,"‘경남형 3대 뉴딜’ 디지털·그린·사회","문재인 대통령이 취임 3주년 특별연설에서 ‘한국판 뉴딜’을 국가 프로젝트로 추진하겠다고 밝힌 데 이어 김경수 경남도지사가 ‘디지털·그린·사회적 뉴딜’ 등 3대 경남형 뉴딜의 방향을"
"215","경남신문",2020-05-14,"[사설] 경남형 뉴딜, 미래산업에 초점 맞춰야","임기 4년차의 문재인 정부가 코로나19로 인한 경제위기를 극복하기 위한 국가경제 방향으로 디지털과 그린을 축으로 하는 ‘한국형 뉴딜’을 주창하면서, 관심이 높아지고 있다. 취임 3"
"216","경남신문",2020-05-13,"창원스마트산단 올해 9개 사업 1174억 투입","창원시가 13일 시청에서 허성무 시장 주재로 경남창원스마트산단사업단과 스마트산단 추진성과 및 향후 추진계획 보고회를 열고 있다./창원시/ 창원스마트산단이 올해 혁신데이터센터 구축"
"217","경남신문",2020-05-13,"진주시 ‘한국형 디지털 뉴딜사업’ 본격 추진","진주시가 국가시범 첨단 지능정보 사업을 본격 추진한다. 시는 도시 주요 인프라에 지능 정보기술을 적용하는 국가인프라 지능정보화 공모사업에 2년 연속 선정돼 국비 20억원 등 관련"
"218","경남연합일보",2020-07-27,"김경수 “영남권이 또 하나의 수도권이 돼야”","김경수 경남도지사 “유연한 권역별 균형발전 전략으로 수도권과 비수도권의 격차를 해소해야 한다”고 강조했다. 김 지사는 27일 오후 부산롯데호텔에서 열린 ‘2020 영남미래포럼’에서 “수도권과 비수도권 간 격차는 대한민국의 흥망을 결정짓는 문제로 비수도..."
"219","경남연합일보",2020-07-26,"창원시, 지역 국회의원과 정책간담회로 ‘첫 상견례’","“창원의 미래 10년은 지나온 10년과는 달라야 합니다. 통합 10주년을 맞이하는 대변혁기인 올해, 창원이 대한민국 동남권을 주도하고 성장거점으로 발전할 수 있도록 오직 시민만을 바라보며 함께 뜁시다. 여당은 제가 맡고, 의원님들께서는 소속당을 맡아주..."
"220","경남연합일보",2020-07-26,"경남도, 이유진 녹색전환硏 연구원 초청 특강","경남도가 지난 24일 도청 중회의실에서 이유진 녹색전환연구소 연구원을 초청해 제2회 사람과 책을 잇는 북모닝 특강을 가졌다. 김경수 도지사와 도청 간부들 이외 정규식 경남도 도시재생위원회 부위원장, 백운길 경남지속가능발전협의회 상임 회장, 이찬원 경남..."
"221","경남연합일보",2020-07-23,"김해시, 김해형 뉴딜 신사업 발굴 나서","김해시는 정부 한국판 뉴딜 종합계획에 대응해 김해형 뉴딜을 위한 신사업 발굴에 나섰다고 23일 밝혔다. 이를 위해 시는 부시장을 단장으로 기획조정실장이 총괄한 가운데 전 부서 역량을 결집하고 범부처와 경남도 뉴딜계획과 연계한 새로운 사업을 발굴해 나간..."
"222","경남연합일보",2020-07-22,"‘창원형 뉴딜 프로젝트’본격 착수 속도","창원시는 ‘한국판 뉴딜’을 선도하고, 창원 대혁신·대도약을 조기 실현할 ‘창원형 뉴딜 프로젝트’에 본격 돌입했다고 22일 밝혔다. 시는 ‘창원형 뉴딜’을 경기회복과 포스트 코로나 시대를 개척할 신성장동력으로 삼고, 한국판 뉴딜 정책에 최다 사업 선정과..."
"223","경남연합일보",2020-07-22,"경남도 세종사무소, 6개 시·군 통합 운영","경남도는 경남도 서울세종본부(본부장 박재훈)가 도정 주요 핵심과제 추진을 위한 전진기지로 거듭나기 위해 7월부터 시·군과 세종사무소 통합사무실을 운영한다고 22일 밝혔다. 서울세종본부는 올해 초부터 시·군에 수요조사를 통해 참여의사를 보인 6개 시군과..."
"224","경남연합일보",2020-07-22,"[경제일반] 창원시, 스마트 기계 산업 투자유치 총력","창원시(시장 허성무)는 지난 21일부터 오는 24일까지 4일간 창원 컨벤션센터에서 개최되는 2020 한국국제기계박람회에 참가해, 국내외 스마트 기계 부품, 오토메이션 기업을 타깃으로 투자유치 전략 마케팅을 펼친다고 22일 밝혔다. 2020 한국국제기계..."
"225","경남연합일보",2020-07-21,"김경수 지사 “균형발전, 지방분권과 같이 가야 성공”","김경수 경남도지사가 21일 국회를 찾아 박병석 국회의장실을 방문했다. 박 의장을 만난 김 지사는 ‘균형 발전’과 ‘지방 분권’ 전도사 역할을 자처하며 관련 법안 통과와 함께 ‘동남권 메가시티 구축’에 대한 협조를 요청했다. 이날 오전 국회에서 박 의장..."
"226","경남연합일보",2020-07-21,"창원시, 정부 신재생에너지 정책 이끈다","창원시(시장 허성무)는 정부의 ‘표준 가스터빈 개발’, ‘해상풍력 발전방안’, ‘수소경제로드맵’ 등 신재생에너지 기반의 신규 산업별 핵심사업인 ‘국산 가스터빈 개발’, ‘풍력 너셀 테스트베드 구축’, ‘수소액화 플랜트 구축’을 본격적으로 지원해 정부의..."
"227","경남연합일보",2020-07-21,"김해시, 전국체전 종합운동장 완성도 높인다","김해시는 2024년 제105회 전국체전 주경기장으로 쓰일 김해종합운동장 완성도를 높이기 위해 상징성과 활용성, 수익성을 두루 갖춘 기본설계 개선안을 발표한데 이어 구체적인 설계 추진방향을 제시했다. 시는 작년부터 전국체전 최근 개최지와 월드컵 경기장 ..."
"228","경남연합일보",2020-07-21,"[경제일반] 대우조선해양-로테르담항, 기술 협력","대우조선해양이 네덜란드 로테르담항과 손잡고 미래 먹거리인 스마트기술 확보를 위해 협력에 나선다. 대우조선해양(대표이사 이성근)은 세계 최고 디지털 항만으로 평가 받고 있는 네덜란드 로테르담항과 향후 3년간 스마트선박-항만, 자율운항선박-항만 연구를 진..."
"229","경남연합일보",2020-07-21,"하동군 ‘ALPS 하동 뉴딜’ 과제 36건 발굴 추진","하동군은 정부의 ‘한국판 뉴딜 종합계획’과 관련해 36건의 ‘ALPS(All Living and People Satisfy) 하동 뉴딜’ 사업 과제를 발굴·추진키로 했다. 한국판 뉴딜은 코로나19로 인한 극심한 경기침체 극복과 구조적 대전환 대응이라는..."
"230","경남연합일보",2020-07-20,"“지역 접목가능한 ‘한국형 뉴딜사업’ 적극 발굴해야”","조근제 함안군수는 20일 군청 별관 3층 회의실에서 개최한 7월 현안 점검회의를 통해 “정부의 ‘한국형 뉴딜정책’에 맞춰 지역에 접목 가능한 사업발굴에 적극 나서야 한다”고 강조했다. 이날 회의를 주재한 조 군수는 포스트 코로나 시대에 대응, 2025..."
"231","경남연합일보",2020-07-20,"지속 가능한 ‘경남형 어촌뉴딜사업’ 본격 추진","경남도는 찾아 가고 싶고, 다시 찾고 싶은 어촌 조성을 위해 지속 가능한 ‘경남형 어촌뉴딜사업’을 본격 추진하고자 협업부서 간 플랫폼을 구성했다고 20일 밝혔다. ‘경남형 어촌뉴딜사업 본격 추진을 위한 플랫폼’에는 공동체 협력 지원가를 양성하는 사회혁..."
"232","경남연합일보",2020-07-16,"함양군 청렴도 향상 청렴 뉴딜정책 추진","함양군은 청렴도 향상 대책회의를 개최하고 ‘2020년 지방재정 신속집행’ 전국 최우수 및 경남도 내 1위 달성에 이어 2020년 공공기관 청렴도 측정 상위권 도약을 위한 특단의 대책을 마련했다고 16일 밝혔다. 군은 이날 회의에서 청렴도 향상을 위한 ..."
"233","경남연합일보",2020-07-16,"지자체-대학 지역혁신 사업 선정 “인재양성에 온 힘”","경남도가 전국 최초로 교육부 공모 ‘지자체-대학 협력기반 지역혁신 사업’에 최종 선정돼 국비 300억원을 지원 받게 됐다. 김경수 경남도지사는 16일 오전 도청 프레스센터 브리핑을 통해 “지자체-대학 협력기반 지역혁신 사업이란 지방정부와 지역대학, 연..."
"234","경남연합일보",2020-07-16,"진주시, 하반기 첫 공약·현안사업 추진 보고회","진주시는 지난 13일, 14일, 16일 오후 사흘간 시청 소회의실에서 조규일 진주시장 주재로 국·소장 및 각 부서장이 참석한 가운데 민선7기 하반기 첫 공약 및 현안사업 점검 보고회를 개최했다. 이번 보고회는 민선7기 상반기 주요 성과를 공유하고 특수..."
"235","경남연합일보",2020-07-15,"경남도-공공기관, 혁신도시 발전 ‘한마음’","김경수 경남도지사는 15일 한국토지주택공사 본사 이사회실에서 11개 경남혁신도시 이전공공기관장과 간담회를 가졌다. 간담회는 김 지사가 직접 제안해 마련됐다. 경남도와 이전공공기관 간 상호 협력체계를 구축하고 이를 바탕으로 경남혁신도시를 지역 발전의 거..."
"236","경남연합일보",2020-07-14,"경남도의회, 제377회 임시회 제1차 본회의 개의","경남도의회(의장 김하용)는 14일 제377회 임시회 제1차 본회의를 개의하고 오는 23일까지 10일간의 임시회 일정을 시작했다. 이날 본회의는 박삼동 의원, 장종하 의원, 옥은숙 의원, 송순호 의원, 신용곤 의원의 신상발언을 시작으로 박준호 의원(김해..."
"237","경남연합일보",2020-07-14,"“힘들 때 공공이 받쳐줘야” 경남도 예산 11조원 돌파","김경수 경남도지사는 “후반기 도정은 도민 안전과 민생경제에 중심을 두고, 스마트 뉴딜 등 경남형 3대 뉴딜과 3대 핵심과제를 본격적으로 추진하겠다”고 밝혔다. 김 지사는 14일 오후 열린 도의회 제377회 임시회 제1차 본회의에서 제3회 추가경정예산안..."
"238","경남연합일보",2020-07-13,"“수도권 집중 맞설 균형발전 필요”","김경수 경남도지사가 13일 미래통합당 경남지역 국회의원들을 만나 “수도권 집중에 맞설 수 있는 균형발전 전략이 필요하다”고 강조했다. 의원들에게 김 지사는 “지역발전을 위해 초당적으로 협력해 온 전통이 있다”면서 “21대 국회에서도 국비 확보와 현안 ..."
"239","경남연합일보",2020-07-13,"창원시, 1조5000억 국비 확보에 발품 행정 펼쳐","내년도 정부예산안 확정을 위한 기획재정부 예산 심의가 본격적으로 이뤄지고 있는 상황에서 1조5000억원의 국비 확보 목표를 밝힌 창원시가 정부와의 스킨십 강화를 위한 발품 행정을 적극 펼치고 있어 귀추가 주목된다. 창원시는 조영진 창원시 제1부시장이 ..."
"240","경남연합일보",2020-07-12,"강석주 통영시장 “시민 행복 위해 달린 2년”","강석주 통영시장은 지난 9일 시청 회의실에서 민선 7기 2주년에 즈음해 언론인과의 간담회를 개최했다. ‘따뜻한 시정, 행복한 시민, 다시 뛰는 통영!’의 슬로건에서 엿볼 수 있듯 ‘시민 행복’을 통영시정의 최고 가치로 새기고 이를 실현하기 위한 강석주..."
"241","경남연합일보",2020-07-12,"도 ‘2021년 신재생에너지 공모’ 9개 선정 최다","경남도가 산업통상자원부가 주관하는 ‘2021년도 신재생에너지 융복합지원 공모사업’ 공개평가 결과, 9개 시·군의 9개 사업 2383개소가 선정돼 2021년 신재생에너지 융복합지원 공모사업에 전국 최다 선정되는 성과를 거뒀다. ‘신재생에너지 융복합지원사..."
"242","경남연합일보",2020-07-09,"[기획특집 일반] [기획특집] 진주시, 시민 중심 스마트 도시 선두주자 ‘우뚝’","진주시는 인공지능, 빅데이터 기반의 미래 도시 기틀 마련 등 다양한 첨단 서비스로 스마트 도시 선두주자로 자리매김하고 있다. 정부는 지난 5월 데이터·5G·인공지능(AI) 등 디지털인프라 구축, 비대면 산업 육성, SOC 디지털화 등 3대 영역을 중심..."
"243","경남연합일보",2020-07-09,"창원, 탄소중립 지방정부 실천연대 동참 선언","창원시는 서울 코엑스에서 개최된 ‘탄소중립 지방정부 실천연대’ 발족식에 참가했다고 9일 밝혔다. 허성무 창원시장은 지난 7일 특례시 간담회 일정과 중복돼 현장 참여는 못했으나, 참여 동의서에 서명하고 창원시가 2050년 탄소중립에 적극 참여하겠다는 선..."
"244","경남연합일보",2020-07-08,"통영시, 민선7기 공약·주요업무 추진상황 보고","통영시는 지난 7일 오후 시청 강당에서 2020년도 공약 및 주요업무 추진상황 보고회를 개최했다. 강석주 시장을 비롯한 국·소장, 전 실과소장, 주무팀장 등 80여 명이 참석한 가운데 기획예산담당관을 시작으로 시설관리사업소까지 모두 36개부서의 보고가..."
"245","경남연합일보",2020-07-07,"[기획특집 일반] [기획특집] 박일호 밀양시장, ‘밀양르네상스 구현’ 주춧돌 쌓다","박일호 밀양시장은 지난 6일 시청 소회의실에서 민선 7기 후반기 시정방향에 대해 기자 간담회를 가졌다. 박 시장은 민선7기 전반기는 “민선6기 현안사업의 원활한 완성과 밀양의 경제지도를 바꿀 대형 프로젝트 사업을 성공적으로 추진했으며 밀양의 융성기를 ..."
"246","경남연합일보",2020-07-07,"문준희 군정 2주년, 예산확보 성과 ‘눈길’","문준희 합천군수는 “민선7기 2주년 주요성과로 예산 6000억원 시대를 개막해 ‘행복한 군민 희망찬 합천’ 실현을 위한 원동력이 됐다”고 7일 밝혔다. 문 군수는 “민선7기 출범당시 예산규모가 5396억원 이었으나 2주년 지난 현재 예산규모는 6392..."
"247","경남연합일보",2020-07-07,"경남도, 도시재생 디지털 청년인재 양성사업 추진","경남도는 통영 폐조선소 재생사업으로 건립한 리스타트플랫폼 공간에서 경남대, 빅리더 인스티튜트, 통영시와 함께 ‘빅리더 AI 아카데미’를 개최한다. 지난 6일부터 시작된 이번 ‘빅리더 AI 아카데미’는 4차 산업혁명시대의 디지털 뉴딜에 부응하는 청년인재..."
"248","경남연합일보",2020-07-07,"정점식 의원, 국회 농해수위 위원 선임","미래통합당 정점식 의원(통영·고성)이 제21대 국회 농림축산식품해양수산위원회(이하 농해수위) 위원으로 선임됐다. 국회 농해수위 위원에 정 의원이 임명됨에 따라 통영·고성 지역의 농축임수산 분야 국비예산 확보와 각종 현안 사업추진이 한층 더 탄력을 받을..."
"249","경남연합일보",2020-07-06,"“균형발전 뉴딜·동남권 메가시티, 중요 과제”","김경수 경남지사는 6일 “포스크 코로나 시대에는 균형발전 뉴딜과 동남권 메가시티 구축 등이 중요하다”고 강조했다. 김 지사는 이날 오전 국회 더불어민주당 당대표 회의실에서 이해찬 대표와 당 지도부가 참석한 가운데 진행된 ‘2020 더불어민주당-부산·울..."
"250","경남연합일보",2020-07-05,"조규일 시장, 김경수 경남지사와 지역 현안 논의","조규일 진주시장은 지난 4일 오전 경남도청 서부청사 도민접견실에서 김경수 경남도지사를 만나 진주시의 주요 정책사업을 건의하고 현안사업에 대해 설명하는 공감·소통의 시간을 가졌다. 이날 만남은 경남도 농업기술원 천심관에서 개최된 서부경남 공공의료 확충을..."
"251","경남연합일보",2020-07-05,"[경제일반] 경남도, 넥스트원㈜ 등 15개 스타기업 지정","경남도가 성장잠재력과 일자리 창출, 지역사회 공헌 등이 우수한 중소기업을 체계적으로 지원해 글로벌 강소기업으로 육성한다. 도는 지난 3일 경남테크노파크에서 김경수 도지사, 이영석 경남지방중소벤처기업청장, 안완기 경남테크노파크원장, 스타기업 대표 등이 ..."
"252","경남연합일보",2020-07-05,"거창군, 민선7기 성과·비전 보고회 가져","거창군은 군청 대회의실에서 관내 기관단체장과 군민들을 초청해 전 부서장과 읍·면장 등 120여 명이 참석한 가운데, 민선 7기 전반기 성과와 하반기 비전 보고회를 개최했다고 5일 밝혔다. 이번 보고회는 민선 7기 2년 동안의 성과와 향후 2년간의 미래..."
"253","경남연합일보",2020-07-05,"민선7기 후반기 ‘거창형 뉴딜’로 미래 연다!","민선7기 후반기를 맞은 거창군은 포스트 코로나 시대 개척을 위한 새로운 군정운영 비전으로 ‘거창형 뉴딜’을 제시해 주목받고 있다. 중앙정부는 당면한 경제위기를 해결하기 위해 국가적 역점사업인 한국판 뉴딜 추진을 발표했으며, 5조원 규모의 단기사업안을 ..."
"254","경남연합일보",2020-07-05,"[인사] [인사] 경남도","경남도 ◇5급 전보▲소통기획관(정책홍보담당) 김정희 ▲통합교육추진단(지역혁신플랫폼) 김경식 ▲감사관(감사담당) 문정열 ▲〃(회계감사담당) 황영아 ▲〃(조사담당) 손영근 ▲〃(청렴윤리담당) 지정완 ▲도정혁신추진단(도정혁신담당) 심우진 ▲〃(공공서비스혁신..."
"255","경남연합일보",2020-07-02,"경남지역 유관기관 협업, 2대 정책방향 추진","2일 경남도는 지역안전지수 상위권 달성을 위해 유관기관 합동으로 ‘지역안전지수 향상 설명회’를 개최하고 도정 3대 핵심과제와 2대 정책방향에 대한 추진상황·그 가속화 방안을 논의하기 위해 ‘2020 도정 핵심과제 추진상황 보고회’를 개최했다고 밝혔다...."
"256","경남연합일보",2020-07-02,"진영 폐선부지 도시숲 준공 대폭 앞당겼다","김해시의 진영 구도심을 관통하는 경전선 폐선부지 도시숲 조성에 속도가 붙고 있다. 김해시는 2일 진영 폐선철로 도시숲 조성사업의 준공 일정을 내년 3월에서 8월로 대폭 앞당겼다고 밝혔다. 이 사업은 2017년 한국철도시설공단 철도 유휴부지 활용사업에 ..."
"257","경남연합일보",2020-07-01,"조규일 시장 취임 2주년, 공감·소통·민생 행보 이어가","조규일 진주시장이 1일 취임 2주년을 맞아 변함없이 공감·소통·민생 행보를 이어갔다. 조규일 시장은 이날 정례조회, 취임 2주년 기자회견, 시민과의 데이트, 전통시장 방문 등 특별한 하루를 보냈다. 이날 조규일 시장은 11시에는 취임 2주년 기자회견을..."
"258","경남연합일보",2020-07-01,"김일권 시장 “남은 임기, 더 단단한 각오다져”","취임 2주년을 맞은 김일권 양산시장은 1일 오전 11시 시청 프레스센터에서 기자간담회를 갖고 “2년 전 오늘 취임선서를 하고 양산시장직을 시작한지가 엊그제 같은데 벌써 임기의 반이 지났다”며 “지난 2년, ‘시민이 시장’이라는 시정철학을 항상 가슴에 ..."
"259","경남연합일보",2020-06-30,"[경제일반] 경남도, ‘투자유치 유관기관 협의회’ 개최","경남도(도지사 김경수)가 30일 경남지방중소벤처기업청 회의실에서 ‘도 투자유치유관기관협의회’를 성황리에 개최했다. 이번 회의는 경제부지사를 비롯한 일자리경제국장과 도·시군 투자유치 소관 과장 및 유관기관 등이 참석한 가운데 향후 경남의 투자유치 추진방..."
"260","경남연합일보",2020-06-30,"도정 핵심과제 앞당긴다…도시재생위 발족","경남도는 하병필 행정부지사 주재로 도정 3대 핵심과제와 2대 정책방향에 대한 추진상황 점검과 도시재생 활성화 및 지원에 관한 특별법에 따라 현장전문가 30명으로 구성한 ‘도시재생위원회’를 발족했다고 30일 밝혔다. 경남도는 올해 초 ‘청년특별도’, ‘..."
"261","경남연합일보",2020-06-30,"[기획특집 일반] [기획특집] 송도근 사천시장 시정 6주년, 항공산업 G7 도약 발판 마련","사천시는 천혜의 자연환경을 바탕으로 해양관광도시를 지향하는 도시다. 바다와 육상, 하늘길이 연결돼 사통팔달의 교통 요충지인 사천시는 우리나라를 항공산업 G7으로 도약시키기 위한 첨병도시다. 이런 사천을 이끄는 송도근 시장은 지난 2014년 7월 취임하..."
"262","경남연합일보",2020-06-30,"경남도정 전반기, 혁신·성장 토대 구축","경남도가 지난 29일 도정자문위원회 제5차 전체회의를 개최하고, 민선 7기 2년간의 도정 4개년계획 추진 상황을 최종 점검했다. 이날 회의에는 김경수 경남도지사와 행정부지사, 경제부지사, 실국본부장들이 배석했다. 김경수 지사는 인사말에서 지난 24일 ..."
"263","경남연합일보",2020-06-30,"변광용 시장 “새로운 시대 평화도시 만들 것”","거제시는 30일 시청 블루시티홀에서 민선7기 출범 2주년 브리핑을 열었다. 변광용 거제시장은 이날 PPT로 직접 지난 2년의 시정 성과와 향후 미래 비전을 발표했으며, 이는 시 공식 SNS를 통해 생중계됐다. 변 시장은 “지난 2년은 어떻게 지나왔는지..."
"264","경남연합일보",2020-06-29,"“더 큰 거창도약, 군민 행복시대 이뤄낼 것”","구인모 거창군수는 29일 “남은 후반기 2년 임기 동안에는 ‘더 큰 거창 도약, 군민 행복시대’를 반드시 이뤄낼 것”이라고 밝혔다. 구 군수는 이날 군청 상황실에서 취임 2주년 기자간담회를 열고 전반기 2년간 성과와 후반기 2년간 비전을 발표했다. 구..."
"265","경남연합일보",2020-06-29,"밀양시, 민선7기 전반기 주요성과 보고회","밀양시가 시청 소회의실에서 민선7기 출범 2주년을 되돌아보는 시정성과 보고회를 개최했다고 29일 밝혔다. 이날 박일호 밀양시장 주재로 과장급 이상 간부공무원이 참석한 가운데 민선 7기 2주년 주요성과와 향후 시정운영 방향에 대해 토론했다. 민선7기 2..."
"266","경남연합일보",2020-06-24,"김경수 도정, 경남형 뉴딜·3대 핵심과제 ‘올인’","김경수 경남지사는 “후반기 임기 2년 동안은 ‘경남형 3대 뉴딜’과 ‘3대 핵심과제’ 추진을 가속해 안전하고 행복한 경남을 만드는 데 집중하겠다”고 밝혔다. 김 지사는 24일 오전 도청 본관 대회의실에서 가진 취임 2주년 기자간담회에서 이러한 내용의 ..."
"267","경남연합일보",2020-06-23,"김경수 지사, 민주당 지역 국회의원들과 현안 공유","경남도는 김경수 경남지사가 23일 오전 서울 켄싱턴호텔에서 더불어민주당 소속 민홍철 경남도당위원장, 김정호, 김두관 국회의원을 만나 조찬을 겸한 정책간담회를 가졌다고 밝혔다. 이날 간담회는 주요 현안사업과 2021년 국비예산 확보 방안을 공유하고 해결..."
"268","경남연합일보",2020-06-21,"윤상기 하동군수, 현안사업 국고예산 확보 ‘사활’","윤상기 하동군수가 지난달 말부터 매주 기획재정부·행정안전부 등 중앙부처를 찾아 하동 100년 미래 먹거리 현안사업의 정부 지원과 내년도 국고예산 확보에 사활을 걸고 있다. 21일 하동군에 따르면 윤 군수가 지난 18일 기획재정부 안도걸 예산실장, 김완..."
"269","경남연합일보",2020-06-18,"[기획특집 일반] [기획특집] 모두가 행복한 ‘위대한 함안’ 향한 조근제 군수 2년의 발자취","X 함안군은 오는 7월 1일이면 민선 7기 조근제 군정이 닻을 올린 지 2년이 된다. 아라가야 왕궁지로 알려진 가야리 유적의 국가사적 지정, 악양둑방·악양생태공원을 연계한 관광자원화 추진, 입곡군립공원 체험관광시설(아라힐링카페) 확충, 폐철도부지를 활..."
"270","경남연합일보",2020-06-17,"합천군, 민선7기 공약사업 이행율 96%","합천군은 17일 군청 소회의실에서 문준희 군수와 군청 간부공무원 등 30여 명이 참석한 가운데 2020년 민선7기 공약사업 및 지시사항 추진상황 보고회를 개최했다. 이번 보고회는 민선7기 반환점을 앞두고 지난 2년간의 공약사업 추진현황을 점검하고 미진..."
"271","경남연합일보",2020-06-16,"김경수, 권역별 광역철도망 건설 지원 요청","김경수 경남지사는 정부와 여당을 향해 “국가균형발전 차원에서 비수도권의 광역철도망 건설과 운영을 지원해 달라”고 요청했다. 김 지사는 16일 오후 경남도청 중회의실에서 열린 ‘더불어민주당 코로나19 국난극복위원 영남권 간담회’에서 “수도권 집중현상을 ..."
"272","경남연합일보",2020-06-16,"허성무호 출범 2주기, 대변혁의 티핑포인트 창출","2018년 7월 ‘사람 중심 새로운 창원’이라는 슬로건으로 힘차게 민선 7기의 닻을 올렸던 허성무 창원시장이 임기 반환점을 돌며 새로운 희망을 더 많이 만들어 낼 것이라고 전했다. 허성무 시장은 16일 민선7기 2주기를 맞아 열린 시정변화상 공유 기자..."
"273","경남연합일보",2020-06-16,"진주 망경동 비거 테마공원 조성사업 ‘속도’","진주시는 천혜의 자연환경과 어울려 더욱 진주를 빛나게 할 원더풀 남강프로젝트 사업 추진에 박차를 가하고 있다. 진주시는 16일 진주시청 브리핑룸에서 문화관광국 문화시책 설명회를 가졌다. 비거 테마공원 조성사업 및 남강변 중형 다목적 문화센터 건립, 진..."
"274","경남연합일보",2020-06-15,"창원시, 지방재정 신속집행 전 행정력 집중","창원시(시장 허성무)는 지역경제에 활력을 불어넣기 위해 지방재정 신속집행에 박차를 가하고 있다고 15일 밝혔다. 시는 이날 조영진 제1부시장 주재로 30억이상 대형 시설비 사업에 대해 집행상황을 점검하고 향후 집행방안을 논의하는 보고회를 열었다. 시는..."
"275","경남연합일보",2020-06-14,"경남도, ICT 플랫폼 구축으로 한국판 뉴딜 선도","최근 정부에서는 포스트 코로나 시대 경기회복을 위해 디지털 인프라 구축, 비대면 산업 육성, SOC디지털화를 골자로 한 한국판 뉴딜(디지털 뉴딜)을 중점적으로 추진 중에 있다. 이런 흐름에 발맞춰 경남도는 국내 굴지의 IT 기업인 NHN㈜의 데이터센터..."
"276","경남연합일보",2020-06-14,"창원형 디지털SOC 뉴딜사업 기업 설명회","창원시는 창원산업진흥원과 함께 지난 12일 ‘창원형 디지털 SOC 뉴딜 사업 기업 대상 설명회’를 개최해 디지털 SOC 뉴딜 사업 추진을 위한 오픈형 사업 제안 공간과 제안 사업에 대한 평가 기준(안)을 설명했다고 밝혔다. 지난 4월 ‘창원형 디지털 ..."
"277","경남연합일보",2020-06-11,"거창군, 2020년도 행정사무감사 돌입","11일 열린 2020년도 거창군의회 행정사무감사의 첫 일정은 거창군의회 의원들이 구인모 거창군수에게 질의를 하는 것으로 시작됐다. 먼저 무소속 권재경 군의원은 창포원에 대해 물었다. 권재경 군의원은 “창포원 2단지가 완공되면 30만 평이 넘는데, 지금..."
"278","경남연합일보",2020-06-11,"[오피니언일반] 삼동면 기관단체장협의회 정기회의 개최","남해군 삼동면 기관단체장협의회(회장 손미경 면장)가 지난 9일 삼동면행정복지센터 2층 회의실에서 위원 13명이 참석한 가운데 정기회의를 개최했다. 이날 회의는 코로나19 ‘생활 속 거리두기’ 수칙 준수, 보물섬 농특산물 판매행사, 지족항 어촌뉴딜300..."
"279","경남연합일보",2020-06-11,"도, 도시재생뉴딜 국비 400억 확보 ‘전국 2위’","경남도는 국토교통부의 기존 도시재생뉴실사업 추진 실적 및 성과 평가에서 최상위권의 성적을 거둬 인센티브로 국비 400억원을 확보했다고 11일 밝혔다. 이는 전남도 440억원에 이어 전국 두 번째 많은 금액으로, 경기도(400억원)와 같다. 올해 국토교..."
"280","경남연합일보",2020-06-10,"거창군의회 제1차 정례회…전반기 마지막 회기","거창군의회는 10일 제249회 제1차 정례회 개회를 선언하고 24일까지 15일간의 회기 일정에 들어갔다. 이번 임시회에서는 2019회계연도 결산 승인안, 2019회계연도 예비비 지출 승인안을 비롯한 조례안과 일반의안 처리, 2020년 행정사무감사 등이..."
"281","경남연합일보",2020-06-08,"[경제일반] 한국남동발전, 화성연료전지 발전 ‘시동’","KOEN 한국남동발전(사장 유향열)은 지분을 투자해 경기도 화성시에 건설 중인 화성연료전지 발전사업이 최근 상업운전을 개시했다고 밝혔다. 화성연료전지 발전소는 지난해 7월 KOEN 한국남동발전과 SK건설이 참여해 19.8MW 규모로 건설하는 SOFC(..."
"282","경남연합일보",2020-06-07,"함안군-경남청년센터, 도시재생 활성화 ‘맞손’","함안군은 지난 5일 군수실에서 경남청년센터(센터장 신지훈)와 도시재생사업 활성화를 위한 업무협약을 체결했다. 조근제 군수, 경남청년센터 신지훈 센터장을 비롯한 양 기관 관계자들이 참석한 이번 협약은 군이 추진하고 있는 도시재생사업과 경남청년센터의 청년..."
"283","경남연합일보",2020-06-07,"이낙연, 코로나국난극복위 영남권 간담회…김경수·김두관 ‘만남’","이낙연 더불어민주당 코로나19 국난극복위원장이 8일 전국순회 지역간담회의 두 번째 순서로 영남권을 방문한다. 민주당은 7일 보도자료를 통해 코로나19 국난극복위가 8일 오후 2시 경남도청에서 제2차 영남권 지역간담회를 개최한다고 밝혔다. 간담회에는 이..."
"284","경남연합일보",2020-06-07,"[데스크 칼럼] [배성호 칼럼] ‘코로나19’ 위기 대처법?","김태년 더불어민주당 원내대표는 “코로나19가 산업경제에 있어서 구조를 아주 빠르게 변화시킬 것이기에 매우 적극적이면서 선제적으로 대응할 필요가 있다”며 “정부와 당은 한국판 뉴딜을 과감하게 추진하겠다고 국민들께 말씀드렸고, 그 중 하나가 언택트산업이다..."
"285","경남연합일보",2020-06-07,"창원시 미래 10년 목표 ‘2030 환경비전’ 선포","창원시가 제25회 환경의 날을 맞아 미래 10년의 환경 목표인 ‘창원시 2030 환경비전’을 선포했다. 창원시는 지난 5일 시민홀에서 2030 환경비전 선포식을 개최하고, 한국폴리텍Ⅶ대학 에너지환경과 옥삼복 교수 등 25명의 환경 분야 유공자에게 표창..."
"286","경남연합일보",2020-06-04,"NHN, 김해에 대규모 데이터센터 짓는다","경남도는 4일 오후 도청 신관중회의실에서 NHN㈜, HDC현대산업개발, 김해시와 함께 ‘NHN㈜ 클라우드 데이터센터 건립을 위한 투자협약’ 체결식을 개최했다고 밝혔다. 투자협약 체결식에는 김경수 지사, 박영선 중소벤처기업부장관, 진은숙 NHN㈜ CTO..."
"287","경남연합일보",2020-06-04,"통영시, 어촌뉴딜300 ‘동두·우동항’ 착공","통영시는 지난 3일 욕지면 연화리 연화항에서 어촌뉴딜300사업 동두·우동항 착공 안전기원제를 개최했다고 4일 밝혔다. 이날 행사에는 강석주 통영시장 및 유관기관장, 지역주민 등 60여 명이 참석해 어촌뉴딜300사업이 아무 사고 없이 공사를 마무리 할 ..."
"288","경남연합일보",2020-06-04,"경남도, 지속가능한 섬 조성 ‘시동’","경남도는 4일 ‘(가칭)살고 싶은 섬’ 조성을 위한 섬 발전 자문위원회(이사 자문위원회) 킥 오프(Kick off) 회의를 경남도청 서부청사에서 개최했다. 당초 올해 3월에 자문위원 위촉식과 첫 회의를 개최할 예정이었으나 코로나19 여파로 연기된 바 ..."
"289","경남연합일보",2020-06-03,"도, 창원에 ‘재제조 기술지원 센터’ 설치","경남도는 3일 산업통상자원부의 ‘산업기계 에너지 저감형 재제조 기술개발’ 공모에 선정됐다고 밝혔다. 이는 산업단지의 노후 설비를 재제조해 에너지와 자원을 절감하고 제조업 활력을 제고하기 위해 올해부터 시행하는 ‘국산화 CNC 기반 산업기계 재제조 기반..."
"290","경남연합일보",2020-06-03,"도, 블록체인 기반 공공서비스 구축 본격 추진","경남도가 포스트 코로나 시대의 핵심기술, 블록체인 기반 공공서비스를 구축한다. 경남도는 3일 오후 도청 소회의실에서 김경수 도지사와 한국인터넷진흥원, 블록체인 관계자 등이 참여한 가운데 ‘2020년 블록체인 공공선도 시범사업 추진사항’ 점검 보고회를 ..."
"291","경남연합일보",2020-06-03,"남동발전, 뉴딜 가속화를 위한 ‘디지털 혁신’ 아이디어 공모","한국남동발전(KOEN)은 오는 17일까지 한국형 뉴딜의 가속화를 돕기 위한 디지털분야 혁신 아이디어를 공모한다. KOEN은 국민의 집단지성을 활용한 사회적 난제 해결을 목표로 2020 국민제안 공모 ‘KOEN에게 알려주세요’를 시행한다. 이번 공모는 ..."
"292","경남연합일보",2020-06-02,"“민생경제 회복 중점”…추경 역대 최대 규모","경남도가 지난 5월 18일 포스트 코로나 위기 대응을 위해 제1회 추경예산 대비 8955억원 증가한 사상 최대의 10조8718억원 규모의 제2회 추경예산안을 도의회에 제출했다. 이는 경남도의 연간 예산 규모로는 사상 최대다. 김경수 경남지사는 2일 “..."
"293","경남연합일보",2020-06-01,"함안군, 말산지구 도시재생 주민공청회 개최","함안군은 지난 5월 29일 오후 2시 별관3층 중회의실에서 관계공무원, 지역주민, 도시재생 전문가 등 50여 명이 참석한 가운데 ‘가야읍 말산지구 도시재생 활성화계획 주민공청회’를 개최했다고 1일 밝혔다. 이날 공청회는 가야읍 말산지구 도시재생 활성화..."
"294","경남연합일보",2020-06-01,"윤상기 군수, 생태·휴양섬 대도 현장점검","윤상기 하동군수가 지난달 29일 아름답고 신비로운 생태·휴양섬 대도(大島)를 찾아 ‘어촌뉴딜300사업’, ‘도서종합개발사업’, ‘창조적마을만들기사업’ 등 주요 사업의 성공적 추진을 위한 현장점검에 나섰다. 이날 현장점검에는 윤상기 군수를 비롯해 김한기..."
"295","경남연합일보",2020-05-31,"조규일 진주시장 “국비 확보에 힘 모아달라”","조규일 진주시장과 박대출·강민국 국회의원 당선인이 진주시의 당면 현안사업 추진을 위해 한자리에 모였다. 진주시는 지난 29일 시청 5층 상황실에서 박대출·강민국 국회의원 당선인을 초청해 조규일 진주시장과 부시장, 시 간부 공무원이 참석한 가운데 정책 ..."
"296","경남연합일보",2020-05-31,"진주시, 성북지구 도시재생뉴딜사업 본격 시동","진주시는 지난 30일 사업 구역 내에 범죄예방을 위한 보행안전 개선사업 착수를 시작으로 성북지구 도시재생 뉴딜사업의 본격적인 시동을 걸었다. 성북지구 도시재생 뉴딜사업은 지난해 10월 국토부 도시재생 뉴딜사업 중심시가지형에 선정됐다.이후 ‘나눔과 머뭄..."
"297","경남연합일보",2020-05-31,"“함께하는 도시재생, 내 손으로 남해읍에 활력을”","남해군은 주민 주도적인 도시재생 뉴딜사업 추진을 위해 ‘2020년 남해군 도시재생 주민공모사업’ 참가자를 오는 6월 19일까지 모집한다. 도시재생 주민공모사업은 주민이 살고 싶은 마을을 만들기 위해 주민이 직접 기획하고 시행하는 사업으로 일반공모와 기..."
"298","경남연합일보",2020-05-31,"‘한국판 뉴딜 스마트시티 공모’ 경남 4곳 선정","경남도는 국토교통부가 시행하는 2020년 스마트 공모사업’에 김해·창원·사천·거제가 최종 선정돼 총 사업비 30억원을 확보했다고 밝혔다. ‘스마트 시티 사업’은 민간·지자체·대학 등이 참여해 지역별 특성에 맞는 스마트시티 솔루션을 발굴·확산함으로써 지..."
"299","경남연합일보",2020-05-31,"창원시 주도항 어촌뉴딜300 생활SOC 추진","창원시는 주도어촌계가 진동면 주도마을회관에서 지난해 어촌뉴딜300사업에 선정된 주도항 착공 안전기원제를 열었다고 31일 밝혔다. 주도항은 창원시 어촌뉴딜300사업 중 최초로 착공돼 그 의미가 크다. 주도어촌계는 지난 29일 아무런 사고 없이 사업을 마..."
"300","경남연합일보",2020-05-27,"창원시, 전국 첫 인공지능산업 육성 조례 제정","창원시는 인공지능 산업육성 및 지원에 관한 조례를 제정해 공포·시행한다고 27일부터 밝혔다. 국내에서 인공지능을 주된 내용으로 하는 조례를 제정해 공포하는 지자체는 창원시가 처음이다. 정부는 최근 ‘DNA+US’에 방점을 찍은 한국판 뉴딜 추진 방향을..."
"301","경남연합일보",2020-05-26,"고성군, 칸막이 없는 협업체계 시험 나서","고성군(군수 백두현)이 포스트모더니즘 사회의 특징 중 하나인 ‘탈영역화(deterritorialization)’ 시험에 나서 귀추가 주목된다. 군은 부서 간 칸막이를 없애고 효율적인 정책을 추진하기 위해 협업 활성화를 추진한다고 밝혔다. 이는 행정환경..."
"302","경남연합일보",2020-05-26,"허성곤 김해시장, 공약 이행평가 ‘2년 연속 최고’","김해시는 허성곤 시장이 공약 이행 최고상인 한국매니페스토실천본부가 주관한 민선7기 전국 기초단체장 공약이행 및 정보공개평가에서 최우수 등급인 SA를 2년 연속 획득하는 저력을 보였다. 한국매니페스토실천본부가 발표한 민선7기 전국 기초단체장 공약이행 및..."
"303","경남연합일보",2020-05-26,"김해시, 8개 공공건물 최신 디지털기술 적용","김해시는 과학기술정보통신부와 정보통신산업진흥원이 주관한 ‘2020년도 5G기반 디지털트윈 공공선도사업’ 공모에 김해시와 경남도, 창원시 3개 자치단체와 경남테크노파크, 관련 기업체 등으로 구성된 컨소시엄이 선정됐다고 26일 밝혔다. 이 사업은 5G, ..."
"304","경남연합일보",2020-05-26,"남해군, 국토부 도시재생 뉴딜사업 공모 2관왕","남해군이 국토교통부의 ‘생활밀착형 도시재생 스마트기술 지원사업’과 ‘소규모 재생사업’ 공모에 모두 선정되는 쾌거를 이룩했다. 군은 지난 11일 대전시 토지주택연구원에서 실시한 2차 발표평가 결과 두 사업이 모두 공모에 선정돼 총 7억5900만원(국비 ..."
"305","경남연합일보",2020-05-25,"경남도, 코로나 시대 경제산업 재도약 도모","경남도는 경남도청에서 ‘제16차 경제혁신추진위원회’를 개최했다고 25일 밝혔다. 이자리에서 김경수 지사는 제2기 경남 산업경제 혁신사업 추진을 가속화하기 위해, 이찬우 한국개발연구원 글로벌경제실 초빙연구위원을 2대 경제혁신추진위원장으로 임명했다. 이날..."
"306","경남연합일보",2020-05-25,"道 “공유경제 선도 단체·기업 찾습니다”","경남도는 공유경제 활성화 및 민간 공유경제 활동 촉진을 위해 올해 처음으로 ‘2020년도 경상남도 공유 단체·기업 지정 및 활성화 지원사업’을 추진한다고 25일 밝혔다. 이 사업은 공유경제 활동을 통해 사회문제를 해결하는 단체와 기업을 심사해서 ‘경상..."
"307","경남연합일보",2020-05-25,"고성서 멸종위기 상괭이 보호·지역경제 발전 논의","고성군(군수 백두현)은 27일 오후 2시 고성군 문화체육센터 공연장에서 웃는 돌고래 상괭이와 군민이 함께 웃을 수 있는 합리적인 상생방안 마련을 위해 해양생물 보전을 위한 ‘코리아 네트워크 허브구축 심포지엄’을 개최한다고 밝혔다. 이번 심포지엄은 지난..."
"308","경남연합일보",2020-05-25,"거제시, 국립공원 구역조정 요청","거제시는 한려해상국립공원 구역조정 상설협의체와 함께 환경부의 제3차 국립공원계획 변경에 따라 선제적으로 대응하기 위하여 추진하고 있는 한려해상국립공원 구역조정 검토용역의 결과보고서를 구역조정 타당성조사 추진기획단과 환경부에 방문해 전달했다고 25일 밝..."
"309","경남연합일보",2020-05-25,"김해 내외동, 소규모재생사업 공모 선정","김해시는 국토교통부의 소규모 재생사업 공모에 내외동 ‘내외(內外) 땅심 살리기, 함께 배우는 문화마을사업’이 선정됐다고 25일 밝혔다. 이에 따라 시는 국·도비를 포함해 사업비 2억6000만원을 확보해 올해 말까지 내외동 지역주민이 제안한 핵심 소규모..."
"310","경남연합일보",2020-05-24,"고성군 무학마을, 소규모 도시재생사업 선정","고성군(군수 백두현)은 국토교통부 공모사업인 2020년 소규모 도시재생사업에 고성읍 무학마을의 ‘무학마을 소통·소가야 플랫폼 조성’ 사업이 최종 선정됐다. 군은 이번 공모 선정을 통해 4억원(국비 2억원, 지방비 2억원)의 사업비를 확보했다. 사업대상..."
"311","경남연합일보",2020-05-24,"국토부 ‘소규모 재생사업’ 경남 9개 선정","경남도는 국토교통부 주관 ‘2020년 소규모 재생사업’ 공모에 사천시 ‘갈대새미 공유마당 회복’ 등 9개 사업이 선정됐다고 24일 밝혔다. ‘소규모 재생사업’은 지역 주민이 주도적으로 도시재생사업에 참여하고 경험을 축적해 도시재생 뉴딜사업의 기초를 준..."
"312","경남연합일보",2020-05-24,"거창, 도시재생뉴딜 소규모 재생사업 선정","거창군은 국토교통부가 주관한 2020년 도시재생 뉴딜 ‘소규모 재생사업’ 에 죽전마을의 공유! 자생! ‘죽전만당 공작소’ 프로젝트 사업이 최종 선정됐다고 24일 밝혔다. 이번 사업은 주민과 지자체가 협력해 지역 내 소규모 도시재생 사업을 직접 발굴하고..."
"313","경남연합일보",2020-05-20,"가야 문화유산, 영호남 상생발전 첫 디딤돌 된다","경남도는 ‘가야사 연구복원 및 활용사업’의 법적 근거인 ‘역사문화권 정비 등에 관한 특별법안’이 20일 국회 본회의를 통과했다고 밝혔다. 이로써 가야사의 온전한 재조명과 가치 회복으로 도민이 체감하는 가야문화유산 향유 기반 조성은 물론, 영호남 지역사..."
"314","경남연합일보",2020-05-19,"김해·남해, ‘도시재생 스마트기술 공모사업’ 선정","경남도는 국토교통부의 ‘생활밀착형 도시재생 스마트기술 지원 공모사업’에 김해시의 ‘포용과 화합의 무계’, 남해군의 ‘보물섬 남해 오시다’ 등 2개 도시재생 뉴딜사업 지역이 최종 선정됐다고 19일 밝혔다. 이에 따라 2개 사업 지역은 각각 5억원의 국비..."
"315","경남연합일보",2020-05-18,"조근제 군수 “공직자, 지역발전 장기적 비전 고민”","조근제 함안군수는 18일 군청 별관 3층 회의실에서 개최한 5월 현안 점검회의를 통해 “모든 소속 공직자가 사명감과 책임감을 가지고 5년 후, 10년 후의 함안발전을 위한 비전에 대해 함께 고민하고 아이디어를 적극 제시해줄 것”을 지시했다. 이날 회의..."
"316","경남연합일보",2020-05-14,"“경남형 뉴딜 방향은 디지털·그린·사회적 뉴딜”","김경수 경남도지사는 14일 경남형 뉴딜정책 방향으로 ‘디지털(스마트), 그린, 사회적 뉴딜’을 제시했다. 김 지사는 이날 도청 신관 중회의실에서 진행된 간부회의에서 “현재 정부가 밝힌 디지털 뉴딜과 그린 뉴딜을 과감하게 추진하는 한편 교육특별도 인재양..."
"317","경남연합일보",2020-05-14,"[경제일반] 경남도, 세계 무인 선박 시장 선점 나선다","경남도(도지사 김경수)는 14일 세계 무인선박 시장선점을 위해 추진 중인 ‘무인선박 규제자유특구’ 실증사업의 본격적 착수를 앞두고 준비상황을 점검했다. ‘무인선박 규제자유특구’는 경남도와 LIG넥스원㈜과 선박해양플랜트연구소 등 특구사업자가 무인선박 기..."
"318","경남연합일보",2020-05-13,"“코로나 이후 어떻게 할까” 도, 해법 모색 토론회 개최","경남도가 신종 코로나바이러스 감염증(코로나19) 사태 이후 대응을 위한 지역공동체적 해법 모색에 나섰다. 13일 오후 경남도는 도청 잔디광장 산책로에서 ‘우리는 무엇을 어떻게 해야 하는가’ 토론회를 개최했다고 밝혔다. 코로나19로 인한 변화에 대응하기..."
"319","경남연합일보",2020-05-13,"[사회일반] 통영해경, 거제 산전마을 수중 정화 나서","통영해양경찰서(서장 김평한)가 지난 11일 거제시 거제면 산달도 산전마을 어촌계원 등 총 10여 명과 함께 합동으로 수중 정화활동을 실시했다고 13일 밝혔다. 산전마을은 해양수산부로부터 ‘어촌뉴딜 300’에 선정되면서 해양관광 거점으로 육성하는 사업을..."
"320","경남연합일보",2020-05-13,"창원시, 스마트산단으로 ‘한국판 뉴딜’ 추진","창원시가 2021년도 신규 사업으로 한국형 그린 뉴딜 정책에 부한하는 스마트산단 6개 사업을 결정했다. 창원시는 13일 경남창원스마트산단사업단 박민원 단장으로부터 스마트산단의 추진성과 및 향후 추진계획 보고회를 가졌다. 경남창원스마트산단사업단은 그동안..."
"321","경남연합일보",2020-05-13,"진주시, 한국형 디지털 뉴딜사업 시범도시 구축","진주시가 정부의 ‘국가인프라 지능정보화 공모사업’에 2년 연속 선정돼 13일 착수 보고회를 개최하고 본격적인 국가시범 첨단 지능정보 사업 추진에 들어갔다. 국가인프라 지능정보화 공모사업은 과학기술정보통신부가 주관하고 한국정보화 진흥원에서 수행하는 사업..."
"322","경남연합일보",2020-05-11,"남해군, 2020년도 1차 추경 5796억 편성","남해군이 코로나19에 따른 군민들의 안정과 지역경제 활성화를 중점으로 하는 추가경정예산안을 편성하고, 11일 개회한 제241회 남해군의회 임시회 제1차 본회의에 제출했다. 이번 추경예산안의 규모는 5796억원으로 당초예산보다 329억원이 증가했다. 세..."
"323","경남연합일보",2020-05-10,"전국 으뜸 창원진동미더덕 2800만어치 판매","신종 코로나 바이러스 감염증(코로나19) 확산과 창원진동미더덕축제 취소로 울상을 짓던 미더덕경영어업인들이 미더덕을 사기 위해 고현마을을 찾은 늘어진 차량을 보며 행사기간 3일동안 바쁜시간을 보내면서도 함박웃음을 지었다. 창원시는 지난 8일부터 10일까..."
"324","경남연합일보",2020-05-10,"문승욱 경남부지사, 국무2차장 승진","김경수 경남도지사가 영입한 문승욱(55) 경제부지사가 정부 인사로 국무조정실 국무2차장(차관급)에 임명되면서 경남을 떠났다. 문 신임 국무2차장은 행시 33회로 공직에 입문해 산업통산자원부 시스템산업정책관, 중견기업정책관 등 주요 보직을 두루 거쳤다...."
"325","경남매일",2020-07-27,"""창원시 특례시 달성 올해 내 달성""","...으로는 `100만 대도시 특례시 지정`， `창원형 뉴딜의 국책사업화`， `성산구 고용위기지역 신규 ...조성 △마창대교 통행료 인하 △합성1동 도시재생 뉴딜사업 공모 △진해중앙시장 상권 르네상스사업 선정 ..."
"326","경남매일",2020-07-27,"거창은 미래 전략 보험이 필요하다","...가지고 있다. 그렇기에 거창군은 코로나19와 같은 각종 재해에 대비해 충분한 재정을 확보해 `거창형 뉴딜사업`， `글로벌 승강기 산업의 허브 구축`， `항노화 힐링 관광의 메카`， `농정혁신과 농촌 도약`， ..."
"327","경남매일",2020-07-23,"한국판 뉴딜 대응 김해형 신사업 발굴","...입해 추진하는 한국판 뉴딜 종합계획에 대응해 김해형 뉴딜을 위한 신사업 발굴에 ...시는 범부처와 경남도 뉴딜계획과 연계한 새로운 ...은 2025년까지 디지털 뉴딜, 그린 뉴딜, 안전망 강화 3대 ..."
"328","경남매일",2020-07-23,"삼강엠앤티 `해상풍력` 연속 대규모 수주","... 역량의 방증이라고 설명했다. 

송무석 `삼강엠앤티` 회장은 대한민국 대전환의 핵심 전략인 `그린 뉴딜` 추진 첫 행보로 대통령이 부안 풍력핵심기술연구센터를 선택할 만큼 해상풍력 분야의 경제적 ..."
"329","경남매일",2020-07-22,"창원시， 정부 신재생에너지 정책 본격 견인","...문했다. 허 시장은 최근 정부에서 발표한 그린 뉴딜의 주요 에너지사업별 핵심 설비가 바로 ... 정책 추진의 전초기지 역할을 담당해 정부의 그린 뉴딜 정책을 창원이 실질적으로 뒷받침할 수 있도록 ..."
"330","경남매일",2020-07-22,"기업체협의회와 코로나 극복 간담회","...할 방침이다. 

허성곤 시장은 시에서도 포스트 코로나 시대 기업 경쟁력 강화를 위해 정부의 한국판 뉴딜 종합계획에 발맞춰 지역산업 고도화에 노력하고 있다며 기업체협의회와 상공회의소, 김해시가 ..."
"331","경남매일",2020-07-22,"`ALPS 하동 뉴딜` 과제 발굴 추진","...키로 했다. 

　한국판 뉴딜은 코로나19로 인한 ...오는 2025년까지 디지털 뉴딜， 그린 뉴딜， 안전망 강화 등 세 ...굴사업을 보면 △디지털 뉴딜 22건 809억 원 △그린 뉴딜 13건 386억 원 △안전망 ..."
"332","경남매일",2020-07-22,"부산시， 도시재생전문기업 지정 공모","...40개 업체 추가 지정에 나섰다. 

시는 이번 공모를 통해 연간 5～6천억 원 규모로 추진하는 도시재생뉴딜사업을 비롯한 부산시의 도시재생사업에 지역기업의 적극적인 참여를 이끌어 내고， 부산형 ..."
"333","경남매일",2020-07-20,"""지역에 접목 가능한 `뉴딜사업` 발굴해야""","...회의를 통해 정부의 `한국형 뉴딜정책`에 맞춰 지역에 접목 ...위해 정부에서 제시한 `한국형 뉴딜정책`은 새로운 먹거리 창출을 ...각 부서에서는 정부와 경남도의 뉴딜사업을 지속적으로 모니터링하고 ..."
"334","경남매일",2020-07-20,"두산중, 해상풍력 사업 본격 시장 공략 나선다","...발표한 풍력발전이 관련 그린 뉴딜 분야의 한 축으로 큰 주목을 ...한민국 대표 기업으로서 그린뉴딜 정책에 적극 동참하고, 국내 ...도록 설계됐다. 

정부의 그린 뉴딜 정책 추진으로 국내 저풍속 ..."
"335","경남매일",2020-07-19,"함양군， 청렴뉴딜정책 추진한다","...자 `부패행위자 강력처벌`을 핵심으로 하는 청렴뉴딜정책을 추진할 방침이다. 

청렴뉴딜정책이란 금품ㆍ향응 수수 등 부패행위를 한 ..."
"336","경남매일",2020-07-19,"진주시， 공약사업 34개 과제 완료","...14개 공약사업 중 △서부경남 KTX 국가재정사업 확정 △강소연구 개발특구 지정 △성북지구 도시재생 뉴딜사업 공모선정 △유네스코 창의도시 지정 등 34개 과제는 이미 완료했고， 80개 과제는 정상 추진하고 ..."
"337","경남매일",2020-07-15,"수도권 집중 막아야 인구소멸국가 탈피한다","...회에서 열린 `2020 더불어민주당 부ㆍ울ㆍ경 예산정책협의회`에서도 코로나19 이후 시대， 균형발전 뉴딜과 동남권 메가시티 구축의 중요성을 설파했다. 지역을 하나의 생활권으로 묶을 수 있는 혁신도시 ..."
"338","경남매일",2020-07-14,"경남도‘경제 극복ㆍ도민 안전’ 3차 추경","...했다고 밝혔다. 

또 경남형 뉴딜사업에 대한 재정투자를 ...정의 핵심 정책으로 경남형 3대 뉴딜을 제시한 바 있다. 

경남도의 ... 원, 포스트 코로나 대비 경남형 뉴딜 등 투자사업에 261억 원, ..."
"339","경남매일",2020-07-14,"스마트 도시 선두 주자로 편안한 시민 삶 앞당긴다","...　▲ 국가시범 한국형 디지털 뉴딜사업 추진 

진주시가 정부의 ...업은 현 정부 한국형 디지털 뉴딜 사업의 시범도시 형태로 ...업이다. 

　▲ 스마트 도시재생 뉴딜사업 추진 지난해 10월에 선정된 ..."
"340","경남매일",NA,"""경남 어려움 극복엔 여야 없다""","...앞장서겠다고 의지를 밝혔다. 

이어 진행된 비공개 간담회에서 박 의원은 △진주 강남지구 도시재생 뉴딜사업 △도 인재개발원 독립 청사 △망경지하차도 폐선 활동 `걷고 싶은 거리` 조성 △글로벌 게임센터 ..."
"341","경남매일",NA,"""수도권 집중 맞설 경남 위해 힘 모으자""","...화 △소재ㆍ부품ㆍ장비 특화단지 지정 △한국판 뉴딜 스마트시티 국가시범도시 지정 등에 협조를 ...여수 해저터널(국도 77호선) 건설계획 반영 △그린뉴딜과 연계한 산단 대개조 확대 지원 등 10개 주요 ..."
"342","경남매일",2020-07-12,"‘도시경관 구축’ 공공건축가제도 확대","...인제대 건축학과)는 시에 마련된 사무실에 주당 1일 이상 근무하며 시에서 추진하는 무계동 도시재생 뉴딜사업, 거북이집 조성사업 등에 대한 자문과 심사를 했다. 

시는 김해시상하수도사업소와 ..."
"343","경남매일",2020-07-12,"“군민 섬기며 함양 미래 100년 초석 놓을 것”","...9억 원의 놀라운 성과를 올리며 함양군의 발전을 이끌었다. 특히 군부 최초로 2년 연속으로 도시재생 뉴딜사업에 선정되는 쾌거도 올렸다. 눈길을 끄는 것은 새로운 농촌 살리기 모델로 추진되는 농촌유토피아 ..."
"344","경남매일",2020-07-12,"전기연구원ㆍ부산TP， 그린뉴딜 산업 활성화 협력","...)와 `신재생에너지 기반 그린 뉴딜산업 활성화를 위한 ...산전원 공급시스템 구축 등 대형 뉴딜산업의 친환경성과 효율성을 높이기... 원장은 정부가 추진하는 `그린 뉴딜` 정책의 성공을 위해서는 ..."
"345","경남매일",2020-07-09,"마산합포구 월영동， 도시 대개조한다","...산합포구 문화지구 도시재생 뉴딜사업지역 내 월영동 부지(5만 ... 국토교통부와 LH에 `도시재생 뉴딜연계 주거환경 개선사업`을 ...극적인 협조를 요청해 도시재생 뉴딜사업과 주택재개발 정비사업에 ..."
"346","경남매일",2020-07-09,"“경남형 3대 뉴딜로 안전하고 행복한 경남 만들 것”",".... 경남형 뉴딜은 정부가 추진 중인 한국판 뉴딜에 경남의 ...한 △스마트뉴딜 △그린뉴딜 △사회적뉴딜이 핵심이다. 

스마트뉴딜은 기존에 ...　◆ 경남형 뉴딜 3대 방향 

△ 스마트뉴딜의 핵심은 ..."
"347","경남매일",2020-07-09,"“민선 7기 하반기 더욱 풍성한 성과 낼 것”","...문화하고 고부가가치 상품을 창출해 6차 산업을 강화할 계획이다. 

어촌지역에선 440억 규모의 어촌뉴딜 300사업이 진행되고 있다. 상주지구 등 5개 지역에 정주환경을 개선하고, 어촌지역에 활력을 불어 ..."
"348","경남매일",2020-07-08,"창원시의회 후반기 의장단 첫 간담회","...령배 아마추어 e스포츠 대회 개최`， `도내 선도지역 선정 아동학대 대응체계 개편`， `2021년 어촌 뉴딜300사업 공모 추진`， `소규모 공동주택 관리 지원 조례 제정` 등 집행부 현안 사업에 대해 의견을 ..."
"349","경남매일",2020-07-07,"“군민 신뢰 발맞춰 최선 다하는 행정 펼칠 것”","...포츠 거점 도시로 거듭날 수 있도록 천혜의 자연조건을 우리의 무기로 활용하게 된다. 

지난해 어촌 뉴딜 사업 대상지로 하일면 동문항, 회화면 당항항, 거류면 당동항 3개소가 선정됐다. 

기존에 선정된 ..."
"350","경남매일",NA,"‘균형발전’ 위해 메가시티 필요","...스트 코로나 시대에 균형발전 뉴딜과 동남권 메가시티 구축이 ...업이라고 할 수 있는 균형발전 뉴딜을 통해 수도권에 몰린 돈과 ...지원하겠다며 지방정부는 한국판 뉴딜의 최일선 현장으로 국민이 ..."
"351","경남매일",2020-07-07,"거제시， 코로나19ㆍ풍수해 대응 전략 철저","... 신호기설치사업에 8억 5천여만 원을 투입하고 오는 2024년까지 290여억 원을 들여 고현동 도시재생 뉴딜사업을 완성키로 했다. 

경제사업국은 코로나19 극복 공공일자리추진 67억 원으로 1천여 명의 ..."
"352","경남매일",2020-07-06,"협업 통한 내 집 수리 계기 마련","장승포도시재생 뉴딜사업을 추진하는 둥지협동조합이 집수리학교.... 

거제시는 장승포 도시재생 뉴딜사업을 진행하면서 행복한 둥지 ...다고 밝혔다.
장승포도시재생 뉴딜사업을 추진하는 둥지협동조합이..."
"353","경남매일",2020-07-06,"사천시, 항공산업 다져 G7 도약 첨병도시로","...항공우주산업도시로서의 기반을 탄탄히 다져가고 있다. 이에 대한민국 경제의 미래 신성장 동력과 신 뉴딜정책으로서 항공산업 성공을 위해 세계적인 관문기능으로서의 국제공항은 필수라고 할 수 있다. 시는 ..."
"354","경남매일",2020-07-05,"도， 스타기업 15개 지정… 글로벌 강소기업 육성","...이다. 

도는 스타기업 지정과 함께 포스트 코로나 시대에 대응하기 위해 경남형 3대 뉴딜의 가장 중요한 축인 스마트뉴딜도 본격적으로 추진한다. 그간 추진한 스마트공장ㆍ스마트산단에 빅데이터， 인공지능(..."
"355","경남매일",2020-07-05,"부산시 `신공항` 등 당면현안 해결 전력","...회 유치(55보급창 이전) 등 주요 현안과 부산형 뉴딜 등 내년도 국비 확보를 위해 꼭 필요한 사업 ...설， SiC 파워반도체 생산플랫폼 구축 등 부산형 뉴딜사업， 동남권 신공항 건설， ..."
"356","경남매일",2020-07-05,"산청군, 한방항노화산업 선도해 제1의 한방도시로 도약","... 사업(110억 원) △도시재생 뉴딜사업(66억 원) △농촌 신활력 ...비타당성조사 면제, 도시재생 뉴딜사업과 농촌 신활력 플러스 ...을 조성한다. 아울러 △도시재생뉴딜 사업(66억 원) ..."
"357","경남매일",2020-07-03,"진영 폐선부지 도시숲 다음 달 준공","...를 돕는다는 계획이다. 

문용주 도시디자인과장은 올해부터 본격적으로 추진하는 진영지역 도시재생뉴딜사업도 신속히 추진해 신도시에 비해 상대적으로 쇠퇴한 원도심에 활력이 넘치도록 하겠다고 말했다.
..."
"358","경남매일",2020-07-03,"장충남 군수 ""남해안 동서 잇는 중심도시 만든다""","...센터와 농산물종합가공센터를 운영해 상품의 경쟁력을 강화하고 안정적인 판로를 확보하는 한편 어촌뉴딜 300 사업， 어촌종합개발사업 추진으로 청년들이 어촌마을에 정착하고， 어촌지역이 활기를 띨 수 ..."
"359","경남매일",2020-07-02,"“창원통합 10년… 대변혁으로 빛나야”","... 수립해 남해안 관광벨트의 구심점이 될 구산해양관광단지와 명동 마리나항만 개발에 주력한다. 어촌뉴딜300사업에 2년간 총 6개의 어항(명동, 주도, 삼포, 안성, 진동, 시락) 선정도 큰 기대를 안고 있다. 

..."
"360","경남매일",2020-07-02,"""시민 행복한 `부강 진주`로 도약할 것""","...기업 하기 좋은 환경 조성， 성북지구 도시재생 뉴딜사업， 농업 경쟁력 강화 등 지역경제 재도약의 ...성 개발， 부강 진주 3대 프로젝트， 도시재생 뉴딜사업 등을 후반기 시정 비전으로 제시했다. 

..."
"361","경남매일",2020-07-02,"“포스트 코로나 시대, 위기를 기회로 삼겠다”","...상도시철도 추진을 통해 사통팔달 동남권 교통의 중심도시 양산이 가시화되고 있고, 정부의 도시재생 뉴딜사업의 일환으로 추진되고 있는 원도심 재생사업이 신기1리, 북부지구, 삼호지구, 소남 새뜰마을 ..."
"362","경남매일",2020-06-30,"김해시， 동남권 메가시티 중심도시 도약","... 있게 추진해 제조업 중심의 기업도시인 김해에 새로운 데이터 신산업 시장을 창출한다. 

시는 그린뉴딜 시대를 맞이해 지속가능한 발전과 청색기술 구현을 위한 국립생태과학관 유치를 목표로 하고 있다. ..."
"363","경남매일",2020-06-30,"`예산 1조 시대 개막` 가장 보람된 성과","... 안정화 종합대책 △정글돔 개장， 2020 열린 관광지 조성사업 선정 등 관광산업 활성화 △도시재생 뉴딜사업 등 국비 확보 △경남 최초 임산부 산후조리비 지원， 공동육아나눔터 등 맞춤형 복지 구현 ..."
"364","경남매일",2020-06-29,"""민생경제 안정ㆍ도민안전 이루자""","...방향을 점검했다.경남형 뉴딜…. 

김경수 ... 도정 방향에 대해 `경남형 뉴딜 3대 핵심과제`를 강조했다. ...산업정책으로 스마트ㆍ그린 뉴딜을 추진하고 사회적 뉴딜을 통해 취약한 고용ㆍ복지 ..."
"365","경남매일",2020-06-29,"포스트 코로나 맞은 창원시, 대변혁 속도감 관건","...등과 정상화에 속도를 내기로 했다. 대형 SOC 사업과 4차산업, 지역전략산업 융합을 통한 스마트 SOC뉴딜 국책사업 등을 정부에 강력히 건의할 계획이다. 

허성무 시장은 29일 간부회의를 통해 실질적으로 ..."
"366","경남매일",2020-06-28,"경남도의회, 도 청년정책 활성화 표창 4명 전달","...는 경상남도 청년센터, 일자리 프렌즈, 경남형 뉴딜일자리사업, 구직활동수당 지원사업, 중소기업 ...조형래 매니저 △일자리 프렌즈 김재윤 매니저 △뉴딜일자리사업 서은정 매니저가 수상했다. 

..."
"367","경남매일",2020-06-25,"“‘경남형 3대 뉴딜’로 성장 동력 확보”","...회를 열고 경남형 3대 뉴딜과 3대 핵심과제 추진 ...밝혔다. 

경남형 3대 뉴딜은 △스마트 뉴딜 △그린 뉴딜 △사회적 뉴딜이며, 3대 핵심과제는 ... 설명했다. 

또 그린 뉴딜은 기후위기 대응을 ..."
"368","경남매일",2020-06-24,"""동남권 신공항， 총리실 검증 마무리되길""","... 지원 요청 △중소형 조선소 경쟁력 강화 △그린뉴딜과 연계한 산단 대개조 확대 지원 △밀양 상생형 ...트공장 디지털 클러스터 조성 △부전-마산 그린뉴딜 전동열차 도입 △초광역 협력 가야문화권 ..."
"369","경남매일",2020-06-23,"산청군의회 정례회 폐회… 12개 안건 처리","...이바지하고자 설치한 근린공원으로서 제 역할을 못하고 있다고 지적했다. 

따라서 `산청읍 도시재생 뉴딜사업` 등과 연계해 수계정공원이 옛 명성을 살려 읍의 중심 공원으로서 역할을 다하도록 공원조성 ..."
"370","경남매일",2020-06-22,"거제 도시재생추진단ㆍ거제대, 업무협약","...무협약을 체결했다. 

이 3개 단체는 주민역량강화사업과 주민제안공모사업의 참여기회제공, 도시재생뉴딜사업과 관련된 일자리 등에 거제대학교 재학생과 졸업생을 적극 지원한다. 

또 이 사업의 연구와 ..."
"371","경남매일",2020-06-21,"하동군, 현안사업ㆍ국고예산 확보 사활","...제예산심의관과 한국판 뉴딜 TF팀을 차례로 만나 ... 대책으로 마련된 한국판 뉴딜사업을 추진하는 한국판 뉴딜 TF를 방문해 사업방향에 ...가 예상되는 점을 강조하며 뉴딜사업에 선정될 수 있도록 ..."
"372","경남매일",2020-06-21,"인제대， 김정호 국회의원 초청 특강 개최","... 새봄 주최로 진행됐다. 

김정호 의원은 인제대 학생과 지역 청년을 대상으로 `코로나 이후 한국판 뉴딜정책과 김해미래산업 전망`이라는 주제로 특강을 펼쳤다. 

김 의원은 코로나 19 이후 급변한 사회， ..."
"373","경남매일",2020-06-19,"군민 삶 풍요롭고 모두가 행복한 함안 바란다","...입해 골목상권 활성화, 주거환경개선, 공공ㆍ복지ㆍ편의시설 건립 등을 목적으로 말산지구 도시재생 뉴딜사업을 의욕적으로 추진 중이다. 

　◇군민과 약속한 공약 이행은? 

민선 7기 공약은 총 6개 분야 ..."
"374","경남매일",2020-06-18,"가야사 정비사업 밑그림 완성","... 책임연구자인 이순자 국토연구원 선임연구위원은 최근 코로나 사태 이후 정부의 핵심전략인 한국판 뉴딜정책에 맞춰 디지털 인프라 확충 및 공공건축물의 그린 리모델링, 지역 중심의 안전한 비대면 ..."
"375","경남매일",2020-06-18,"밀양시， LH와 구도심에 활력 넣는다","밀양시가 삼문동 도시재생 뉴딜사업 관련으로 한국토지주택공사 ...을 불어넣을 삼문동 도시재생 뉴딜사업을 한국토지주택공사(이하 ...남지역본부는 삼문동 도시재생 뉴딜사업의 총괄사업관리자로 참여해 ..."
"376","경남매일",2020-06-17,"“신공항 검증 마무리 단계 문제 정리돼”","...용이 위축되는 상황을 반전시키기 위해 한국형 뉴딜을 속도감 있게 집행되도록 해달라고 건의한 뒤 ...적 관점에서 울산시 경쟁력 강화를 위해 울산형 뉴딜 사업을 적극 개발해 매주 하나씩 발표하고 ..."
"377","경남매일",2020-06-17,"말(言)의 변질은 혼탁한 세상의 전조(前兆) 신호다","...대 국회가 개원되면서 일하는 국회를 표방하고 있고 대통령도 코로나로 인한 경제위기 극복의 한국판 뉴딜에 국가의 미래를 걸겠다고 다짐하고 있어 이제 좀 나아지려나 하는 기대도 해보았지만 순진한 국민의 ..."
"378","경남매일",2020-06-16,"고성도시재생지원센터， 도시재생 힘써","...결했다고 15일 밝혔다. 

두 기관은 △도시재생 뉴딜사업의 활성화 및 지속가능성 확보 △도시재생 ...최일선에 있는 읍사무소의 협조를 받아 도시재생 뉴딜사업의 공모 선정과 지역공동체가 활성화 될 수 ..."
"379","경남매일",2020-06-16,"합천군, 임차인 안정적 영업활동 등 보장","...는 이번 협력체계 구축을 통해 합천군 도시재생 뉴딜사업이 성공적으로 추진되는데 큰 힘이 될 ... 사업 추진을 유지하기 위해 2020년 합천군 도시재생 뉴딜사업 공모 선정에 최선을 다하겠다고 말했다. ..."
"380","경남매일",2020-06-11,"경남도, 도시재생뉴딜 국비 400억 확보 ‘전국 2위’","... 밝혔다. 이는 전남도 440억 원에 이어 전국 두 번째다. 

이에 따라 경남도는 국토교통부의 도시재생뉴딜사업 중 시ㆍ도에서 자율 선정하는 광역 공모사업을 다음 달부터 오는 10월까지 도내 18개 시ㆍ군을 ..."
"381","경남매일",2020-06-11,"남해군 삼동면 기관단체장협의회 6월 정기총회","...최했다. 이날 회의에서는 `생활 속 거리두기` 수칙 준수， 보물섬 농특산물 판매 행사， 지족항 어촌뉴딜300 공모사업 추진 등 여러 행정 소식들이 전달됐고， 이어 교육계 소식 홍보， 단체별 의견 논의 ..."
"382","경남매일",2020-06-08,"함안군, 청년 중심 도시재생 활성화 추진","...중심의 도시재생 활성화사업 추진을 위해 마련됐다. 

이날 협약에 따르면 양 기관은 △군 도시재생 뉴딜사업 상호협력 △청년활동 지원사업 및 청년공간 활용사업을 위한 공간제공 △경남청년센터와 ..."
"383","경남매일",2020-06-08,"""주민 힘으로 도시를 되살리다""","...월 가야읍 말산지구 도시재생 뉴딜사업 광역공모 신청을 준비 ...면 이번 공모사업은 도시재생 뉴딜사업을 준비 중인 지역의 ...고 밝혔다. 여기에는 해당 지역의 뉴딜사업 추진 실적과 소규모사업과의 ..."
"384","경남매일",2020-06-07,"창원시, ‘2030 스마트 기후환경도시 창원’ 돛 올렸다","...으로 하고 비전달성을 위해 기후위기대응과 그린뉴딜 선도 도시, 디지털기반 스마트 환경관리도시, ...적 기후위기에 대한 인식을 바탕으로 저탄소 그린뉴딜 정책을 적극 발굴하고, 디지털 시대 여건에 맞게 ..."
"385","경남매일",2020-06-03,"창원시, ‘창원형 디지털 SOC 뉴딜 프로젝트’ 킥오프 회의 개최","...척을 위한 창원형 디지털 SOC뉴딜 사업 킥오프 회의를 개최했다고...시장은 이를 위해 디지털 SOC 뉴딜 사업을 추가 적으로 발굴하고 ...척을 위한 '창원형 디지털 SOC뉴딜 사업' 킥오프 회의를 ..."
"386","경남매일",2020-06-03,"“경남형 디지털 뉴딜로 비대면 사업 성장 이끌 것”","...트 코로나 시대를 앞서가기 위한 한국판 뉴딜이 포함된 하반기 경제정책 방향을 발표했다며 정부 뉴딜에 맞춰 경남형 디지털 뉴딜로 제조업 스마트화를 촉진해 비대면 산업의 ..."
"387","경남매일",2020-06-01,"도시재생사업 공모 주민공청회","...복지센터에서 열린 `도시재생뉴딜사업` 공모 주민공청회 모습....번 공청회는 `2020년 도시재생뉴딜사업` 공모 신청을 위해 주요 ...를 거쳐 다음 달 경남도 도시재생뉴딜사업(주거지지원형)에 공모할 ..."
"388","경남매일",2020-06-01,"진주시 현안사업 추진 힘 모은다","...경남KTX 국가재정사업 확정， 유네스코 창의도시 선정， 강소연구개발특구 지정， 성북지구 도시재생 뉴딜 공모사업 선정 등 시민이 행복하고 골고루 잘사는 부강 진주로 힘차게 도약하고 있다며 두 분 ..."
"389","경남매일",2020-06-01,"남해군, 도시공간 조성 현안사업 소개","... 스마트도시계획 수립 △중심시가지형 도시재생 뉴딜사업 추진 △생활SOC 꿈나눔센터 건립사업 추진 ... 관광혁신거점으로 조성하는 남해군의 도시재생 뉴딜사업은 지난달 옛 여의도 부지를 매입 ..."
"390","경남매일",2020-06-01,"하동군, 생태ㆍ휴양섬 대도 현장점검","윤상기 군수가 지난달 29일 아름답고 신비로운 생태ㆍ휴양섬 대도(大島)를 찾아 어촌뉴딜300사업, 도서종합개발사업, 창조적마을만들기사업 등 주요 사업의 성공적 추진을 위한 현장점검에 나섰다."
"391","경남매일",2020-06-01,"‘훔칠 수 없는 엄마 손맛’ 신기마을 특화상품으로","... 마을특화상품인 된장ㆍ고추장을 담그고 기념촬영을 하고 있다.지난해 4월 국토교통부 주관 도시재생 뉴딜사업에 최종 선정된 신기1리 마을은 마을기업인 신기한 마을 고고씽 협동조합(이하 고고씽 협동조합)..."
"392","경남매일",2020-05-27,"미래형 공공시설 안전관리 체계 구축","... 빅데이터, VRㆍAR, AI 등 4차 산업혁명의 핵심기술을 총 망라해 적용할 계획이라며 김해시가 디지털 뉴딜이라는 국가정책에 선도적으로 대응해 안전한 김해를 위한 미래형 시설물 안전관리와 재난대응체계를 ..."
"393","경남매일",2020-05-26,"남해군， 뉴딜사업 관련 공모 2관왕","남해군이 선정된 도시재생 뉴딜사업 구상도.남해군이 국토교통부의 `생활밀착형... 시행되는 사업이다. 도시재생 뉴딜사업을 시행 중인 활성화 지역 ... 투입된다.
남해군이 선정된 도시재생 뉴딜사업 구상도."
"394","경남매일",2020-05-25,"공유경제로 사회문제 해결 단체ㆍ기업 지원","...도는 이러한 공유경제 활성화 사업을 통해 정부가 밝힌 디지털 뉴딜 그리고 그린 뉴딜과 함께 사회적 뉴딜을 과감하게 추진하는 `경남형 뉴딜`과 접목할 수 있는 공유단체와 공유기업을 발굴해 적극 지원할 ..."
"395","경남매일",2020-05-24,"경남 소규모 재생사업 9곳 선정","...규모 재생사업은 지역 주민이 주도적으로 도시재생사업에 참여해 참여 경험을 축적함으로써 도시재생 뉴딜사업의 기초를 준비하는 사업이다. 

올해 전국 75곳의 사업 선정지 중 경남에서는 김해시 내외 땅심 ..."
"396","경남매일",2020-05-24,"""올해 소규모 재생사업 성공적 추진 최선""","... 강화를 도모하고자 도시재생 뉴딜사업으로의 발전 기반을 ...올해 하반기 주남지구 도시재생 뉴딜사업 공모를 신청할 예정이다. 

...으로 추진하고， 추후 도시재생 뉴딜사업까지 이어질 수 있도록 ..."
"397","경남매일",2020-05-24,"주민 주도 지속가능 도시재생 기대","...새로운 활력을 불어넣을 예정이다. 

또한 군은 이 지역을 대상으로 우리동네살리기 유형의 도시재생 뉴딜사업 공모를 준비 중이며， 이번에 선정된 소규모 재생사업이 본 사업의 마중물이 될 것으로 기대하고 ..."
"398","경남매일",2020-05-24,"도시재생 활성화 준비 `결실` 보다","...부가 주관한 2020년 도시재생 뉴딜 `소규모 재생사업`에 ...보는 경험을 축적함으로써 향후 뉴딜사업을 원활히 추진할 수 있는 ...됐다.
거창군이 국토부 도시재생뉴딜 `소규모 재생사업`에 선정됐다. ..."
"399","경남매일",NA,"가야사 복원ㆍ재조명 힘 받는다","... 있다. 

또 최근 경남형 뉴딜 방향으로 제시된 스마트(디지털) 뉴딜사업， 그린 뉴딜 사업 구현을 위해 디지털 ... 체감할 수 있는 가야문화권 뉴딜사업을 발굴하고， 이를 ..."
"400","경남매일",2020-05-20,"김해 무계지구 재생에 스마트기술 접목","...번 공모사업은 기존 도시재생뉴딜사업 지역을 대상으로 ... 상반기 완공을 목표로 스마트 뉴딜사업을 추진한다. 

시는 낙후된 ...심에 첨단기술을 더하는 스마트 뉴딜사업을 추진， 침체된 지역경제를 ..."
"401","경남매일",NA,"김해ㆍ남해서 ‘디지털뉴딜’ 첫발","...선정된 김해 무계동 도시재생 뉴딜사업지.디지털 뉴딜사업, 정부 공모사업 전국 최다... 스마트 기술을 입히는 디지털뉴딜 사업에 첫발을 내딛게 됐다며 ... 공모 선정된 김해 무계동 도시재생 뉴딜사업지."
"402","경남매일",2020-05-19,"하동 광평마을신문 ‘광평나루터’ 첫 발간","...생지원센터(센터장 김미경)는 하동군 도시재생 뉴딜사업의 주민역량 강화 첫 성과물인 광평마을신문 ...한 하동라이프를 모토로 한 광평마을 도시재생 뉴딜사업 추진상황, 주민 및 마을공동체 활동 등의 ..."
"403","경남매일",2020-05-19,"“중소벤처기업 서비스 지원 역할 다할 것”","...책을 발굴하고, 혁신성장 기업을 육성하는 데 중진공의 모든 역량을 집중하겠다고 약속했다. 한국판 뉴딜 프로젝트 성공을 위한 친환경 분야 지원 방안을 마련해 신규 일자리를 창출하고, AI, 빅데이터, ..."
"404","경남매일",2020-05-14,"경남형 뉴딜 방향은 디지털ㆍ그린ㆍ사회적 뉴딜","...), 그린, 사회적 뉴딜이라고 말했다. 그린뉴딜은 정부의 그린뉴딜 정책과 연계한 ...부가 밝힌 디지털 뉴딜과 그린 뉴딜을 과감하게 추진하는...양성, 일종의 휴먼 뉴딜, 사회적 뉴딜을 결합해야 한다며 ..."
"405","경남매일",2020-05-13,"창원시, 한국판 뉴딜 내년 6개 사업 추진","창원시가 스마트산단을 통한 한국판 뉴딜 실현을 위해 내년에는 1천291억 규모의 6개사업을 ... 국면에서 경제를 재건하기 위해 한국형 그린 뉴딜, 신제조 뉴딜을 달성하기 위한 사업들이다. 

허성무 시장은 ..."
"406","경남매일",2020-05-13,"진주시， 한국형 디지털 뉴딜 사업 시범도시 구축","... 정부 경제활성화 대책의 핵심인 한국형 디지털 뉴딜 사업의 시범도시 형태로 추진되며 국가 주요 .... 

조규일 진주시장은 우리 시가 정부의 디지털 뉴딜사업을 선행적으로 추진하게 돼 매우 뜻깊게 ..."
"407","경남매일",2020-05-12,"주민 주도 무계지구 도시재생사업 본격화","... 성과 공유회 모습.김해시가 무계지구 도시재생 뉴딜사업을 추진하는 가운데 주민 주도성을 높이는 ...원과 사업 추진을 통해 성공적인 무계 도시재생 뉴딜사업이 될 수 있도록 하겠다고 밝혔다.
김해시가 ..."
"408","경남매일",2020-05-11,"남해군, 2020년도 1차 추경예산 5천796억 편성","...입에 2억 원, 하반기 유행에 대비한 마스크 구입 등에 1억 6천만 원을 편성했다. 

또 이외에도 어촌뉴딜 5개 사업에 152억 7천만 원, 농촌신활력플러스사업에 14억 3천만 원, 군단위 LPG배관망 사업에 18억 ..."
"409","경남매일",2020-05-10,"진주시， 성북지구 뉴딜사업 추진 `탄력`","...역할을 할 성북지구 도시재생 뉴딜사업 현장지원센터 개소식을 ... 지난 8일 성북지구 도시재생 뉴딜사업 추진에 있어 주민과 ... 비전으로 한 성북지구 도시재생 뉴딜 사업은 진주성과 청소년수련관 ..."
"410","경남매일",2020-05-10,"진동미더덕 브랜드 대상 수상 기념식","...장, 가공공장과 고현판매장, 어촌체험마을, 어촌뉴딜 300사업 구간 등 고현마을의 주요사업장과 ... 주산지인 고현마을의 위상을 더 높이기 위해 어촌뉴딜 300사업, 고현어촌체험마을 활성화 지원, ..."
"411","경남매일",2020-05-03,"경남도, 한예종 ‘예술영재육성 지역 확대사업’ 최종 선정","...격 운영할 계획이다. 교육시설은 통영 도시재생뉴딜사업지인 신아SB 별관으로 30억 원을 투입해 ...까지 리모델링한다. 

이번 사업 선정으로 통영의 뉴딜사업이 예술영재교육 공간과 더해지면서 시너지 ..."
"412","경남매일",2020-04-23,"국립 3ㆍ15민주묘지, 삶 속에서 고마움을 알게 하다","...링을 선사한다. 

지난 1970~80년대 마산의 부흥과 함께 급격한 도시화가 이뤄진 구암1동은 도시재생 뉴딜사업으로 또 한 번의 변화를 겪고 있다. 구암지구에는 2022년까지 총사업비 210억 원이 투입돼 ..."
"413","경남매일",2020-04-21,"허성무 창원시장 ‘스마트SOC뉴딜 정부 정책화’ 건의","...본적인 해결을 위한 스마트SOC뉴딜 프로젝트의 투자를 정부와 ...하겠다고 밝혔다. 

스마트SOC뉴딜 프로젝트는 기존의 토건중심의 ...고 있다. 

특히 시는 스마트SOC뉴딜 프로젝트로 지역의 숙원사업을 ..."
"414","경남매일",2020-04-21,"""찾아오는ㆍ살고 싶은 함양 구현 노력""","...관단체청사 3층에서 도시재생 뉴딜사업의 효과적 추진을 위해 ...번 간담회는 2020년 도시재생 뉴딜사업 추진계획에 따른 도시재생 ...총사업비 88억 원) 등 도시재생 뉴딜사업이 2년 연속 선정됐다. 

..."
